,v1_strategy,v2_strategy,benchmark
2021-01-01,0.0,0.0,0.0
2021-01-02,0.0,0.0,0.02615547249995234
2021-01-03,0.0,0.0,0.11016608090023045
2021-01-04,0.0,0.0,0.026837255495091885
2021-01-05,0.0,0.0,0.041641786919980835
2021-01-06,0.0,0.0,0.08532877568813982
2021-01-07,0.0,0.0,0.04103034009107943
2021-01-08,0.0,0.0,0.06132051068766963
2021-01-09,0.0,0.0,0.06935400191257979
2021-01-10,0.0,0.0,-0.0431396458372671
2021-01-11,0.0,0.0,-0.10122191013797432
2021-01-12,0.0,0.0,0.022515673947388515
2021-01-13,0.0,0.0,0.10180730536990934
2021-01-14,0.0,0.0,0.0629855177895601
2021-01-15,0.0,0.0,-0.017250171720586585
2021-01-16,0.0,0.0,0.10403202762067727
2021-01-17,0.0,0.0,0.031272732080347775
2021-01-18,0.0,0.0,-0.0009570979665678549
2021-01-19,0.0,0.0,-0.01133722264032546
2021-01-20,0.0,0.0,0.020390773783216746
2021-01-21,0.0,0.0,-0.13670090724616024
2021-01-22,0.0,0.0,0.09202826058950254
2021-01-23,0.0,0.0,0.02428956733550784
2021-01-24,0.0,0.0,0.019110504029811074
2021-01-25,0.0,0.0,-0.021482284536342957
2021-01-26,0.0,0.0,0.0073271233413746755
2021-01-27,0.0,0.0,-0.07483316242344623
2021-01-28,0.0,0.0,0.07382501493888116
2021-01-29,0.0,0.0,0.010721935005930007
2021-01-30,0.0,0.0,0.07775537704498564
2021-01-31,0.0,0.0,0.002319234019536454
2021-02-01,0.0,0.0,0.02447115586227209
2021-02-02,0.0,0.0,0.05455082774217464
2021-02-03,0.0,0.0,0.08066941354194226
2021-02-04,0.0,0.0,0.017226301029642642
2021-02-05,0.0,0.0,0.09607267924833439
2021-02-06,0.0,0.0,0.007021901301686973
2021-02-07,0.0,0.0,0.027794535214181997
2021-02-08,0.0,0.0,0.12576391532309056
2021-02-09,0.0,0.0,0.06676544627731008
2021-02-10,0.0,0.0,0.14483357028378363
2021-02-11,0.0,0.0,0.008070092146218864
2021-02-12,0.0,0.0,0.06190188821843529
2021-02-13,0.0,0.0,0.00429197697982181
2021-02-14,0.0,0.0,-0.029416713316631402
2021-02-15,0.0,0.0,-0.016544178543944497
2021-02-16,0.0,0.0,-0.003982886266019515
2021-02-17,0.0,0.0,0.06206336351863885
2021-02-18,0.0,0.0,0.03862540254778287
2021-02-19,0.0,0.0,0.1321202756180625
2021-02-20,0.0,0.0,-0.024456471539909222
2021-02-21,0.0,0.0,0.03394141726943613
2021-02-22,0.0,0.0,-0.020071223400190297
2021-02-23,0.0,0.0,-0.117366838019847
2021-02-24,0.0,0.0,0.05715819254698487
2021-02-25,0.0,0.0,-0.07983066781365765
2021-02-26,0.0,0.0,-0.0017793879447296052
2021-02-27,0.0,0.0,0.01985079528114483
2021-02-28,0.0,0.0,-0.0369788665278181
2021-03-01,0.0,0.0,0.10189488217422149
2021-03-02,0.0,0.0,-0.021829419062881036
2021-03-03,0.0,0.0,0.028304381749373587
2021-03-04,0.0,0.0,-0.03971883981595942
2021-03-05,0.0,0.0,-0.015806799796844708
2021-03-06,0.0,0.0,0.013355266558627999
2021-03-07,0.0,0.0,0.03961386999115248
2021-03-08,0.0,0.0,0.013390481272428676
2021-03-09,0.0,0.0,0.09645984607451377
2021-03-10,0.0,0.0,-0.041550921560601445
2021-03-11,0.0,0.0,0.020105358504547876
2021-03-12,0.0,0.0,-0.03900003587102139
2021-03-13,0.0,0.0,0.05669514932913789
2021-03-14,0.0,0.0,-0.03991677808291767
2021-03-15,0.0,0.0,-0.0357893175369659
2021-03-16,0.0,0.0,0.044379702139585545
2021-03-17,0.0,0.0,0.04079962719821569
2021-03-18,0.0,0.0,-0.02417644354400739
2021-03-19,0.0,0.0,0.0310402582053782
2021-03-20,0.0,0.0,-0.007886537514709547
2021-03-21,0.0,0.0,-0.014103349627553762
2021-03-22,0.0,0.0,-0.035890456763067985
2021-03-23,0.0,0.0,-0.010218535234286709
2021-03-24,0.0,0.0,-0.06377241081777049
2021-03-25,0.0,0.0,-0.005938767517510779
2021-03-26,0.0,0.0,0.08770197454979757
2021-03-27,0.0,0.0,0.00811661456296492
2021-03-28,0.0,0.0,0.011128306048726866
2021-03-29,0.0,0.0,0.041062263104696524
2021-03-30,0.0,0.0,0.019597473751476205
2021-03-31,-0.0005,0.0,0.012965049817347987
2021-04-01,0.028945208808127607,0.0,0.020018380678821147
2021-04-02,0.018478170191910854,0.0,0.04465992967621474
2021-04-03,0.024058046139321054,0.0,-0.02385865596113932
2021-04-04,0.056849113734690995,0.0,0.05104104777431094
2021-04-05,0.006788684384937738,0.0,0.06767274106707796
2021-04-06,0.07234550655441599,0.0,0.05056988995058839
2021-04-07,-0.024878294936670337,0.0,-0.06790444663179977
2021-04-08,0.05815517947963444,0.0,0.05953143192535085
2021-04-09,0.03285179746389537,0.0,0.0014873885852898726
2021-04-10,0.00722879082870013,0.0,0.0613644074851747
2021-04-11,0.06392587920191335,0.0,0.024307434426827926
2021-04-12,0.06645063009025994,0.0,0.025431022962960632
2021-04-13,-0.015714786676395656,0.0,0.052742606708159126
2021-04-14,-0.001363511946858612,0.0,0.04252293073621861
2021-04-15,0.01868356114420792,0.0,0.0096767751929389
2021-04-16,-0.06346206267842565,0.0,-0.03881483144739514
2021-04-17,-0.004789686443235667,0.0,-0.013507506543701397
2021-04-18,0.04410893500552848,0.0,-0.04923909405777868
2021-04-19,-0.01006320263680164,0.0,-0.04271392979179798
2021-04-20,0.07397831934520356,0.0,0.05034069212177426
2021-04-21,-0.03107643797500977,0.0,-0.03565532072305464
2021-04-22,0.02435230907319004,0.0,-0.020917490369364647
2021-04-23,-0.0002384131100976808,0.0,-0.011829858066354294
2021-04-24,-0.0008774207460980482,0.0,-0.05468732289234964
2021-04-25,0.05610261153538865,0.0,0.020483937094749938
2021-04-26,0.04025499498717455,0.0,0.1214141500222218
2021-04-27,0.035237385624974686,0.0,0.038613906401614544
2021-04-28,0.016140910566758593,0.0,0.002242871413931547
2021-04-29,-0.002526146145246969,0.0,0.004283882895640812
2021-04-30,0.028427781863583003,0.0,0.06096517787789782
2021-05-01,0.0607442085506877,0.0,0.03249986214635368
2021-05-02,-0.03398245985882471,0.0,-0.02328946003358153
2021-05-03,0.020487981595085063,0.0,0.058433510132497694
2021-05-04,-0.09011478315300539,0.0,-0.05483752647307445
2021-05-05,0.09236185688775947,0.0,0.11624604998714147
2021-05-06,-0.023170793644066674,0.0,0.007091229793165977
2021-05-07,-0.010815244766371263,0.0,-0.002615118038656628
2021-05-08,0.026045759842013405,0.0,0.01936086164529134
2021-05-09,-0.006512735252128884,0.0,0.02905770002673827
2021-05-10,-0.057984358252619606,0.0,-0.06640256479867465
2021-05-11,0.05587375196920415,0.0,0.05282092604539597
2021-05-12,-0.10941546315250524,0.0,-0.1278239968452331
2021-05-13,0.008711852881959636,0.0,0.0628881545676499
2021-05-14,0.04326712217616209,0.0,0.0631542057430627
2021-05-15,0.0033583777888717865,0.0,-0.042641851677514775
2021-05-16,0.02109092280264513,0.0,0.011659003292624271
2021-05-17,-0.022482546729205535,0.0,-0.06424874427437396
2021-05-18,0.08282638848680349,0.0,0.058308295527407156
2021-05-19,-0.3439672598633634,0.0,-0.3175062809476738
2021-05-20,0.18104274428512396,0.0,0.15039132677694114
2021-05-21,-0.15139041635845457,0.0,-0.14247764274878955
2021-05-22,-0.12507880444908515,0.0,-0.08652928522651795
2021-05-23,-0.15142597619731143,0.0,-0.1343390202484455
2021-05-24,0.275348642921016,0.0,0.24797078966027927
2021-05-25,-0.02045142841068681,0.0,-0.0040224872563349515
2021-05-26,0.11585982827195199,0.0,0.10840752567513874
2021-05-27,-0.04951582215075238,0.0,-0.05225981589394222
2021-05-28,-0.10344146603405582,0.0,-0.09952768595831618
2021-05-29,-0.06948944584812862,0.0,-0.06427201980527907
2021-05-30,0.06756849954140143,0.0,0.05612815487912597
2021-05-31,0.12944297050270473,0.0,0.12132574525066013
2021-06-01,-0.03146632898506825,0.0,-0.023586904439369883
2021-06-02,0.039852128032024974,0.0,0.048825638397558956
2021-06-03,0.07760947712521811,0.0,0.06032086972020309
2021-06-04,-0.06478311126569505,0.0,-0.07463896434850203
2021-06-05,-0.006892809251415296,0.0,-0.02764846328041696
2021-06-06,0.03473733654464106,0.0,0.021511926210479062
2021-06-07,-0.08421513912523595,0.0,-0.08639537828615962
2021-06-08,0.03912370992592029,0.0,0.0022830388189808313
2021-06-09,0.02869050639267286,0.0,0.05260732165179754
2021-06-10,-0.0448965219445058,0.0,-0.04866560695976636
2021-06-11,-0.06970641345614925,0.0,-0.048746132549005394
2021-06-12,0.0076380771213601095,0.0,-0.001889367907493422
2021-06-13,0.05910395372123152,0.0,0.06849532886454222
2021-06-14,0.0067647572414077555,0.0,0.011951534363942109
2021-06-15,0.024650713783686176,0.0,0.037593992293582526
2021-06-16,-0.05746229686237299,0.0,-0.07190172697942153
2021-06-17,4.744332992408706e-05,0.0,0.006347231383613705
2021-06-18,-0.05457616507120725,0.0,-0.06141010321189709
2021-06-19,-0.0326621856662889,0.0,-0.024779162057672645
2021-06-20,0.01539582407947604,0.0,0.022224175605846067
2021-06-21,-0.21174087932366714,0.0,-0.19388447853904306
2021-06-22,-0.04109876538126466,0.0,-0.03469657794193223
2021-06-23,0.11942355027053164,0.0,0.09167327257760481
2021-06-24,0.06420153290895617,0.0,0.038025467603091945
2021-06-25,-0.080125147985906,0.0,-0.08940976301795889
2021-06-26,0.011323424507071172,0.0,0.006422157875343571
2021-06-27,0.06451604616426346,0.0,0.06167791947475359
2021-06-28,0.006177057662152855,0.0,0.020296603101341015
2021-06-29,0.05051955724157087,0.0,0.043436521401957265
2021-06-30,0.022167207689490282,0.0,0.013024517059156682
2021-07-01,-0.05529555795083636,0.0,-0.05589529660834606
2021-07-02,0.026568949787786785,0.0,0.007129409971175683
2021-07-03,0.01925854774842728,0.0,0.022826225057512816
2021-07-04,0.024856425573999252,0.0,0.03322316527090038
2021-07-05,-0.04274294400389803,0.0,-0.04160126852872161
2021-07-06,0.03522044343684594,0.0,0.04683547354350055
2021-07-07,0.017712767816868997,0.0,0.0038622060879929814
2021-07-08,-0.0762911076666575,0.0,-0.062275993546959896
2021-07-09,0.009647880982548429,0.0,0.018357551610333436
2021-07-10,-0.02357729004516392,0.0,-0.019034424628220116
2021-07-11,0.01155156776102902,0.0,0.014679823642700707
2021-07-12,-0.03798314290125707,0.0,-0.02796097509536538
2021-07-13,-0.047153419100477725,0.0,-0.03196633463936033
2021-07-14,0.03329821684645014,0.0,0.007175747887813734
2021-07-15,-0.054360142376163226,0.0,-0.04200363744077575
2021-07-16,-0.04324662007832306,0.0,-0.03743070086217143
2021-07-17,0.0073131506556015635,0.0,0.002707057124686596
2021-07-18,0.0030430188001998224,0.0,0.00498099112483409
2021-07-19,-0.06009693113710934,0.0,-0.060324932738045185
2021-07-20,-0.03779962358579614,0.0,-0.04426068940613143
2021-07-21,0.11769084551602726,0.0,0.10143949524842823
2021-07-22,0.02439536072408366,0.0,0.031234739373836674
2021-07-23,0.03181871715950249,0.0,0.02812084546142235
2021-07-24,0.01982932232641854,0.0,0.015536296689806408
2021-07-25,-0.0072217150118552,0.0,0.0018451402177012575
2021-07-26,0.016156898709818103,0.0,0.02918675141545235
2021-07-27,0.01213960098567046,0.0,0.03225082464088496
2021-07-28,-0.0019087952194617823,0.0,0.018838024457235092
2021-07-29,0.05393500720882249,0.0,0.029221768857720924
2021-07-30,0.03035419372789542,0.0,0.044320909186011906
2021-07-31,0.058053402730308824,0.0,0.031076715555321568
2021-08-01,-0.03314156050639557,0.0,-0.01484096331644993
2021-08-02,-0.010202545452622076,0.0,0.0029909625264857532
2021-08-03,-0.014920500013583506,0.0,-0.014392976285079939
2021-08-04,0.06086633147352086,0.0,0.049493913203407264
2021-08-05,0.036808972200463565,0.0,0.013951502007980364
2021-08-06,0.042037532778253686,0.0,0.03214297952417461
2021-08-07,0.043885276860948376,0.0,0.04990534886640615
2021-08-08,-0.03545138538603883,0.0,-0.04445797383588901
2021-08-09,0.04626480418591861,-0.0005,0.05713564182135083
2021-08-10,0.007732473406583968,0.007732473406583968,0.02607779077355944
2021-08-11,0.011513661059105266,0.011513661059105266,0.04983374369586664
2021-08-12,-0.026397028914563483,-0.026897028914563484,-0.024197247982665683
2021-08-13,0.08656269941617678,-0.0005,0.10326692419456844
2021-08-14,-0.016356295630350976,-0.016356295630350976,0.0130593987779118
2021-08-15,0.0770316564951679,0.0770316564951679,0.033398393617652795
2021-08-16,0.03098758911225526,0.03098758911225526,0.003622560516341731
2021-08-17,-0.014951200574261246,-0.015451200574261246,-0.017231381076882567
2021-08-18,0.044625602926367636,0.0,0.05175467440083284
2021-08-19,0.03319099844355048,-0.0005,0.06516829054242823
2021-08-20,0.05695931774619489,0.05695931774619489,0.07094386197693685
2021-08-21,-0.030138050039226906,-0.030138050039226906,-0.009246704492149007
2021-08-22,0.00018914898700598658,0.00018914898700598658,0.01560446421329146
2021-08-23,0.022744993867194786,0.022744993867194786,0.036823844804762355
2021-08-24,-0.04929948231138692,-0.04929948231138692,-0.04395908382358374
2021-08-25,0.020319093131250465,0.020319093131250465,0.008458146273780855
2021-08-26,-0.011033090842833954,-0.011033090842833954,-0.05470271198018735
2021-08-27,0.0898567162767685,0.0898567162767685,0.09974701799871645
2021-08-28,0.028873088088404865,0.028873088088404865,-0.0033610821291996445
2021-08-29,-0.009981228602545356,-0.009981228602545356,-0.0106744069317547
2021-08-30,0.0443332441281767,0.0443332441281767,-0.0179807420203489
2021-08-31,0.015553158116063802,0.015553158116063802,0.04119666325316378
2021-09-01,0.04614919798391777,0.04614919798391777,0.05872104600024805
2021-09-02,0.08421910881544166,0.08421910881544166,0.031118642540018886
2021-09-03,0.0546953908282007,0.0546953908282007,0.044342746478495676
2021-09-04,-0.020482593545298536,-0.020482593545298536,-0.016195265004023716
2021-09-05,0.034886111389956044,0.034886111389956044,0.04476340129104286
2021-09-06,0.043540338246919455,0.043540338246919455,0.014875301081037264
2021-09-07,-0.11214416561208088,-0.11214416561208088,-0.1419921517428597
2021-09-08,0.028190015553459565,0.028190015553459565,0.002627606826363083
2021-09-09,0.054097657562875615,0.054097657562875615,0.02046966463693831
2021-09-10,0.04712425925999741,0.04662425925999741,-0.017314668701103483
2021-09-11,0.07934155334060188,0.0,0.04484690190160635
2021-09-12,0.04824517198538243,-0.0005,0.036294515910105726
2021-09-13,-0.05402741716527107,-0.05452741716527107,-0.048824297115107385
2021-09-14,-0.006619217532533545,-0.0005,0.029967245041707436
2021-09-15,0.03310044935294014,0.03310044935294014,0.031932069293878276
2021-09-16,0.036812561470007624,0.036812561470007624,-0.0034979967494102814
2021-09-17,-0.024083470886660293,-0.024083470886660293,-0.03313980048477763
2021-09-18,0.06332210545703568,0.06332210545703568,0.028513734666518197
2021-09-19,-0.03818598754046457,-0.03818598754046457,-0.029929536014790748
2021-09-20,-0.16497551149202072,-0.16547551149202072,-0.12887658495383705
2021-09-21,-0.027507702692776026,0.0,-0.04653120579007638
2021-09-22,0.21722246182391675,0.0,0.14539687889368588
2021-09-23,0.03453335421604679,0.0,0.025136897284794558
2021-09-24,-0.06743162195471522,0.0,-0.06267000584981171
2021-09-25,-0.0369995351578594,0.0,-0.008072334092640122
2021-09-26,-0.01991342663961474,0.0,-0.005499761935500979
2021-09-27,-0.011449647154201232,0.0,-0.027460799919137965
2021-09-28,-0.05493305122764454,0.0,-0.039814968896967694
2021-09-29,0.04325608457762953,0.0,0.038174538498017996
2021-09-30,0.03605171404029291,0.0,0.04214842182333827
2021-10-01,0.07537369833847177,-0.0005,0.09102961738813753
2021-10-02,0.022434003520013863,0.022434003520013863,0.014415580890903869
2021-10-03,0.004676928885904874,0.004676928885904874,0.008382186975531548
2021-10-04,-0.037983604623745906,-0.037983604623745906,-0.021617299546353864
2021-10-05,-0.0011551503375319587,-0.0011551503375319587,0.024301706423896344
2021-10-06,-0.046844907661355406,-0.046844907661355406,-0.003171910035728066
2021-10-07,0.017765795555931236,0.017765795555931236,0.007848414762170653
2021-10-08,-0.000991963263884437,-0.000991963263884437,-0.010583857483597737
2021-10-09,0.000186937917656671,0.000186937917656671,0.02675518938466086
2021-10-10,-0.05072617288840978,-0.05072617288840978,-0.03951502583802692
2021-10-11,-0.01838994261938039,-0.01838994261938039,0.004950070625667813
2021-10-12,0.004112214773406139,0.004112214773406139,-0.0019337279055703155
2021-10-13,0.0059069929538773484,0.0059069929538773484,0.04109029099234552
2021-10-14,0.006322467757719719,0.006322467757719719,0.010737384650896045
2021-10-15,0.03639063536573661,0.03639063536573661,0.03331389933038911
2021-10-16,-0.008627026332160318,-0.008627026332160318,-0.010321339682328767
2021-10-17,-0.006662138218959778,-0.006662138218959778,-0.006161345570106925
2021-10-18,-0.013261727520526307,-0.013261727520526307,-0.007842718211970835
2021-10-19,0.0030960128175230297,0.0030960128175230297,0.012569030353750366
2021-10-20,0.07018663703283404,0.07018663703283404,0.06053703636289472
2021-10-21,0.029494279179826645,0.029494279179826645,-0.015036098932357814
2021-10-22,0.03599222427747506,0.03599222427747506,0.007487970534593169
2021-10-23,0.004131019068913888,0.004131019068913888,0.02357272997079849
2021-10-24,-0.0036103170018156137,-0.0036103170018156137,-0.018585949509608936
2021-10-25,0.04340677349766531,0.04340677349766531,0.038732625645798255
2021-10-26,-0.021710842467322355,-0.021710842467322355,-0.010955021109840956
2021-10-27,-0.09749324896134995,-0.09749324896134995,-0.08374161668070237
2021-10-28,0.04896457594499022,0.04896457594499022,0.05754719573618669
2021-10-29,0.014887984470613125,0.014887984470613125,0.03085013722265411
2021-10-30,-0.029140123340091043,-0.029140123340091043,-0.0211217613636069
2021-10-31,0.02291077696127038,0.02291077696127038,0.008582597224266974
2021-11-01,0.06238370942341446,0.06238370942341446,0.02984949856705632
2021-11-02,0.05120534933178744,0.05120534933178744,0.03448289561431539
2021-11-03,0.08469192618468413,0.08469192618468413,0.041442164650774174
2021-11-04,0.02596232453102535,0.02596232453102535,-0.007106387363880994
2021-11-05,-0.04771601143920719,-0.04771601143920719,-0.006108809035464135
2021-11-06,0.051761366581489776,0.051761366581489776,0.01835893492128966
2021-11-07,0.02820616543038719,0.02820616543038719,0.025182045719243935
2021-11-08,0.018239522172614448,0.018239522172614448,0.04706888960696508
2021-11-09,-0.038446579984662305,-0.038446579984662305,0.001415911122777091
2021-11-10,-0.04513178246906457,-0.04513178246906457,-0.03367062338671423
2021-11-11,0.0169881316376137,0.0169881316376137,0.0128915912362664
2021-11-12,-0.03315579198889577,-0.03315579198889577,-0.02333290481419254
2021-11-13,0.07782260186029077,0.07782260186029077,0.029832066752970832
2021-11-14,-0.0161935661280597,-0.0161935661280597,0.0022671971874424924
2021-11-15,-0.02000062906781297,-0.02000062906781297,-0.026548305165486112
2021-11-16,-0.03819589525571003,-0.03819589525571003,-0.0657905147468068
2021-11-17,0.04737880786810396,0.04737880786810396,0.014074311291679876
2021-11-18,-0.08732756722473219,-0.08732756722473219,-0.07616941659201851
2021-11-19,0.09179598535068104,0.09179598535068104,0.06870318636687871
2021-11-20,0.05159862937697456,0.05159862937697456,0.032495251003399006
2021-11-21,0.027349656916649402,0.027349656916649402,-0.007203881007234859
2021-11-22,-0.02732824198215089,-0.02732824198215089,-0.04025885061037354
2021-11-23,-0.005737611929458096,-0.005737611929458096,0.018082109474075046
2021-11-24,-0.03170649666122671,-0.03170649666122671,-0.027318520978223484
2021-11-25,-0.014468291951060842,-0.014468291951060842,0.0015259077651156303
2021-11-26,-0.11024871046828325,-0.11024871046828325,-0.08354910288446833
2021-11-27,0.04085972392818923,0.04085972392818923,0.022365342282123193
2021-11-28,0.010645913771889134,0.010645913771889134,0.024676978424855323
2021-11-29,0.048220615761955125,0.048220615761955125,0.028118218885022975
2021-11-30,0.013825705370382673,0.013825705370382673,0.006942101026514292
2021-12-01,-0.0020058610778767028,-0.0020058610778767028,0.006060612624985006
2021-12-02,-0.04309344892428579,-0.04309344892428579,-0.01207837261670032
2021-12-03,-0.033996452601077566,-0.033996452601077566,-0.057998951465994056
2021-12-04,-0.06934466504329935,-0.06934466504329935,-0.08794898385436462
2021-12-05,-0.025690394538990913,-0.025690394538990913,-0.031158720075926807
2021-12-06,0.0607994967777213,0.0607994967777213,0.03131973868014334
2021-12-07,-0.02077883022076606,-0.02077883022076606,0.0023684660803795277
2021-12-08,0.03775985262838014,0.03775985262838014,0.027721475692457673
2021-12-09,-0.0714574489284251,-0.0714574489284251,-0.0709931751960926
2021-12-10,-0.04640949324824384,-0.04640949324824384,-0.047644979700373055
2021-12-11,0.045190543877162107,0.045190543877162107,0.05565234320303675
2021-12-12,0.014542933698360015,0.014542933698360015,0.016322872652230445
2021-12-13,-0.09121983064222794,-0.09171983064222794,-0.09518080314525315
2021-12-14,0.02469990348815006,0.0,0.008207683900778596
2021-12-15,0.09667051530370299,-0.0005,0.08231883340169106
2021-12-16,-0.02290203498977831,-0.02290203498977831,-0.02991451111337429
2021-12-17,0.035382469124174754,0.03488246912417475,-0.006824143448233842
2021-12-18,0.02721981819242273,0.0,0.032272643212787375
2021-12-19,-0.029638386467114253,0.0,-0.012878710244325797
2021-12-20,0.014426611651260468,0.0,0.0021415307274931243
2021-12-21,0.04002779515998855,-0.0005,0.04127186709072644
2021-12-22,-0.018582004670008923,-0.018582004670008923,0.008134591099843248
2021-12-23,0.03350393744789611,0.03350393744789611,0.05925504379605904
2021-12-24,-0.02615888442781211,-0.02615888442781211,-0.02900985272467356
2021-12-25,0.007227437192187954,0.007227437192187954,0.011926863548570078
2021-12-26,-0.0017851884125388664,-0.0017851884125388664,0.014062811290872158
2021-12-27,0.0024182491896893583,0.0024182491896893583,0.001997688489633886
2021-12-28,-0.054686159361529055,-0.055186159361529055,-0.07425869861406038
2021-12-29,-0.04126857842238829,0.0,-0.03574403466796156
2021-12-30,0.0075590394275143104,0.0,0.016448505320229033
2021-12-31,0.016582985399781387,0.0,-0.009157199692633679
2022-01-01,0.0329811496393592,0.0,0.04030607606880843
2022-01-02,0.0050126803495269545,0.0,0.010802614033501424
2022-01-03,-0.0328628122093297,0.0,-0.01490737819764253
2022-01-04,-0.01523922108816874,0.0,-0.014628309709545683
2022-01-05,-0.06011301189258085,0.0,-0.04864202506641127
2022-01-06,-0.02268187430790447,0.0,-0.006411080858659745
2022-01-07,-0.06943033168928969,0.0,-0.04977334488011308
2022-01-08,-0.03404082407732756,0.0,-0.015803022541555755
2022-01-09,0.034142401035915995,0.0,0.020846777589720655
2022-01-10,-0.03588102555308954,0.0,-0.026051073356055488
2022-01-11,0.06662141416624037,0.0,0.0414203065275437
2022-01-12,0.0542450498194061,0.0,0.056194614192152444
2022-01-13,-0.04276996468498843,0.0,-0.04521784626032472
2022-01-14,0.020222205601741667,0.0,0.029690862921960017
2022-01-15,0.016529818418174136,0.0,0.007851126206014936
2022-01-16,0.0005136329368324861,0.0,0.008272179049521499
2022-01-17,-0.04881854017337657,0.0,-0.021013974134608503
2022-01-18,-0.010438698601553293,0.0,-0.023169190617933346
2022-01-19,-0.025722746834263083,0.0,-0.036959818204596664
2022-01-20,-0.04204909258167218,0.0,-0.04673938755605484
2022-01-21,-0.14777408529288832,0.0,-0.1295308763538463
2022-01-22,-0.0729570709527341,0.0,-0.07456024084724264
2022-01-23,0.06993152669675676,0.0,0.05229988979242228
2022-01-24,-0.03287538457956214,0.0,-0.03675306217142479
2022-01-25,0.040649988562150956,0.0,0.01506268990813673
2022-01-26,-0.01539125675229569,0.0,-0.00724504584205008
2022-01-27,7.210165421596849e-05,0.0,-0.00803170685255582
2022-01-28,0.02617239420050832,0.0,0.022416234433688675
2022-01-29,0.03396785970184846,0.0,0.021884508884941492
2022-01-30,-0.02821358762554978,0.0,-0.011455676680686578
2022-01-31,0.018029600064199736,0.0,0.02270053728121159
2022-02-01,0.014535297140405728,0.0,0.03258762939394895
2022-02-02,-0.06427189117362198,0.0,-0.055260140321391274
2022-02-03,0.010500062783645495,0.0,0.0089525783980309
2022-02-04,0.1101506141829612,0.0,0.09619414840769064
2022-02-05,0.006078565600611744,0.0,0.014625673219911584
2022-02-06,0.018751540510465976,0.0,0.020617898473059882
2022-02-07,0.04535819500991911,0.0,0.056816595608724256
2022-02-08,0.008017380549550552,0.0,-0.007834453583132762
2022-02-09,0.018649664496349416,0.0,0.01928706566667345
2022-02-10,-0.02166048347386203,0.0,-0.037833945200347795
2022-02-11,-0.06875860608397595,0.0,-0.06776935830324285
2022-02-12,-0.00806897035748703,0.0,0.003386230400811218
2022-02-13,-0.017193101402535233,0.0,-0.013180306178200927
2022-02-14,0.023486959775804946,0.0,0.01109644623512147
2022-02-15,0.087714048468604,0.0,0.07551211500642409
2022-02-16,0.0022255035272327555,0.0,-0.012851354602562315
2022-02-17,-0.08230141825973632,0.0,-0.0792365514454858
2022-02-18,-0.027659265276273822,0.0,-0.01812103113847995
2022-02-19,0.012106509610956568,0.0,0.009975489658002712
2022-02-20,-0.06318920227418304,0.0,-0.05076054654238747
2022-02-21,-0.0687124577926842,0.0,-0.06624144222431891
2022-02-22,0.04476057702769375,0.0,0.03751525906992541
2022-02-23,-0.027256974833270237,0.0,-0.02427546034677878
2022-02-24,0.018558429645946152,0.0,0.0066775739944075485
2022-02-25,0.05335142247787098,0.0,0.05718031344745571
2022-02-26,0.011568141814792005,0.0,0.0011708222447955113
2022-02-27,-0.06344612471128244,0.0,-0.04839366154894709
2022-02-28,0.1253849300096782,0.0,0.11375949234692363
2022-03-01,0.019636414437811018,0.0,0.010664549128408087
2022-03-02,-0.02342273063572083,0.0,-0.011818059072677155
2022-03-03,-0.037193663212567486,0.0,-0.03035032883818445
2022-03-04,-0.055853066726441775,0.0,-0.06958647944342407
2022-03-05,0.02671925406779326,0.0,0.02605251384055003
2022-03-06,-0.03929918335788181,0.0,-0.0390405301227581
2022-03-07,-0.007328782972348772,0.0,-0.019400211259838786
2022-03-08,0.009661548106593882,0.0,0.014674251577311927
2022-03-09,0.0712477694384664,0.0,0.06242263112318056
2022-03-10,-0.049065615507283236,0.0,-0.05047093885220189
2022-03-11,0.011338776198363282,0.0,0.002703720502588901
2022-03-12,-0.006623938346423275,0.0,0.0038412706728687017
2022-03-13,-0.03346566757599652,0.0,-0.03017905112855878
2022-03-14,0.025822629044910762,0.0,0.02954441513008286
2022-03-15,-0.001326829321778522,0.0,0.006285667586798648
2022-03-16,0.0474183911624301,0.0,0.052638280880249216
2022-03-17,0.02248615267805698,0.0,0.005308724110880769
2022-03-18,0.03500104953196274,0.0,0.02795039628154508
2022-03-19,0.027201162464736136,0.0,0.022599640245783675
2022-03-20,-0.031309576658825125,0.0,-0.029231800694206143
2022-03-21,0.018660762329719728,0.0,0.01817846814507239
2022-03-22,0.00045665256857870505,0.0,0.02973156488000174
2022-03-23,0.013526160524072184,0.0,0.031165118827292747
2022-03-24,0.01536190477546199,0.0,0.0248736408442404
2022-03-25,-0.018939339412714085,0.0,-0.02175834298342291
2022-03-26,0.013372752773293934,0.0,0.018214262128644788
2022-03-27,0.04221507658379045,0.0,0.04644154277089095
2022-03-28,0.003689437527229722,0.0,-0.004368002725670639
2022-03-29,0.012380085100547184,0.0,0.02011157184653036
2022-03-30,0.008815102702185402,0.0,0.014184805626184526
2022-03-31,-0.025053069347531893,0.0,-0.028642739807744347
2022-04-01,0.03657941758995187,0.0,0.030581259511700588
2022-04-02,-0.009152445117313945,0.0,-0.0033292582528005265
2022-04-03,0.026134684751312788,0.0,0.026707489033765366
2022-04-04,-0.025532527158837026,0.0,-0.014654644188315157
2022-04-05,-0.03354476170003247,0.0,-0.02862214921763282
2022-04-06,-0.08922929406109995,0.0,-0.08036571913774145
2022-04-07,0.049090605582135474,0.0,0.03181852116238051
2022-04-08,-0.05533562041664926,0.0,-0.04214719183555968
2022-04-09,0.01712604263592521,0.0,0.017287303976490788
2022-04-10,-0.017620266559915738,0.0,-0.01602728560795811
2022-04-11,-0.09527654809252371,0.0,-0.08767315935363545
2022-04-12,0.03349775302617826,0.0,0.029269090518492427
2022-04-13,0.02473478409987632,0.0,0.02641590559417504
2022-04-14,-0.02553157834659562,0.0,-0.02818917261903834
2022-04-15,0.03167395920295483,0.0,0.024035033129159694
2022-04-16,0.0034397919025436208,0.0,0.0059671056396950585
2022-04-17,-0.027586984252631803,0.0,-0.030381682520292042
2022-04-18,0.021561075544624497,0.0,0.022031728814984854
2022-04-19,0.034696189365871336,0.0,0.024558108530677282
2022-04-20,-0.027664625012536265,0.0,-0.014327591905344918
2022-04-21,-0.03377658750677588,0.0,-0.03344831996959382
2022-04-22,-0.014422506926505188,0.0,-0.007438193157243655
2022-04-23,-0.010296033226533125,0.0,-0.007668824720117961
2022-04-24,-0.015234904111926479,0.0,-0.010336567961785682
2022-04-25,0.010586372601043299,0.0,0.012491249929607198
2022-04-26,-0.06249518618153985,0.0,-0.06610256953793374
2022-04-27,0.020308188702641724,0.0,0.02204184796198181
2022-04-28,-0.016831049119147824,0.0,0.0047744923679969185
2022-04-29,-0.05054266837203843,0.0,-0.04341356569251711
2022-04-30,-0.07901187600790936,0.0,-0.06124705503110427
2022-05-01,0.040877819894778566,0.0,0.03761871127536327
2022-05-02,-0.004797430456350356,0.0,-0.001054018737820594
2022-05-03,-0.020541320866799197,0.0,-0.015994661614286722
2022-05-04,0.06226441001730109,0.0,0.08638465321016749
2022-05-05,-0.07072358425916787,0.0,-0.08959411551770055
2022-05-06,-0.0172672085817304,0.0,-0.013596140836483061
2022-05-07,-0.030589157185453332,0.0,-0.03129616748302539
2022-05-08,-0.04025855138453249,0.0,-0.03523350586112755
2022-05-09,-0.14154692363184398,0.0,-0.15553987160575428
2022-05-10,0.055227254958658316,0.0,0.04459165378749288
2022-05-11,-0.17278596525345652,0.0,-0.18488667878463658
2022-05-12,-0.055140402496961685,0.0,-0.042914859873464675
2022-05-13,0.06432730574889414,0.0,0.0818389654573099
2022-05-14,0.04095925501428373,0.0,0.03569489981391248
2022-05-15,0.07154599338592127,0.0,0.06471362685315883
2022-05-16,-0.06365308785672233,0.0,-0.06950022079489375
2022-05-17,0.04201254967674576,0.0,0.04406775871784876
2022-05-18,-0.09088938655281498,0.0,-0.1009982714571209
2022-05-19,0.056591771616818276,0.0,0.05396837289114709
2022-05-20,-0.031313038196091436,0.0,-0.035632574961260315
2022-05-21,0.01863089962600258,0.0,0.019543352838294423
2022-05-22,0.03535495173184936,0.0,0.03382819806781201
2022-05-23,-0.037920038215312424,0.0,-0.04512033802426763
2022-05-24,0.01722921195541079,0.0,0.017554552365527387
2022-05-25,-0.019463111825435843,0.0,-0.02397930897817253
2022-05-26,-0.07660783580163728,0.0,-0.06581137635495278
2022-05-27,-0.03819592950968875,0.0,-0.03577175409746499
2022-05-28,0.04130423676461244,0.0,0.038904184557117444
2022-05-29,0.012521332134016478,0.0,0.023004659643567803
2022-05-30,0.0679592788838413,0.0,0.08418899936649649
2022-05-31,-0.02065499609918046,0.0,0.00013690791610816407
2022-06-01,-0.06206135421077286,0.0,-0.08306510524199252
2022-06-02,0.017838731713595287,0.0,0.02955353665369849
2022-06-03,-0.029582898724776076,0.0,-0.04320351105463942
2022-06-04,0.010036138211587367,0.0,0.02303072806387816
2022-06-05,-0.001490567784584525,0.0,-0.0006397945966155614
2022-06-06,0.022358457014389065,0.0,0.041714771875396066
2022-06-07,-0.016101524682768226,0.0,-0.008899255633727966
2022-06-08,-0.01581207347385142,0.0,-0.010566916810897055
2022-06-09,-0.00031993850244726996,0.0,0.007797031093347496
2022-06-10,-0.03907425324038649,0.0,-0.06785660092850508
2022-06-11,-0.054685694033393,0.0,-0.07308829733751687
2022-06-12,-0.053928824273410274,0.0,-0.07579207845401098
2022-06-13,-0.15230695666729605,0.0,-0.10197098391194415
2022-06-14,-0.0011282621137660804,0.0,0.0429694647212871
2022-06-15,0.02661612410714327,0.0,0.08430445684696436
2022-06-16,-0.1111586423314466,0.0,-0.12167783699062525
2022-06-17,0.017441160655971528,0.0,0.024937374356682203
2022-06-18,-0.08127026802527171,0.0,-0.04963362262468954
2022-06-19,0.1021182208933269,0.0,0.0920443439271841
2022-06-20,0.0038694080439503065,0.0,0.019680636649294925
2022-06-21,0.004904473456543729,0.0,-0.002244007387122926
2022-06-22,-0.0413505770982245,0.0,-0.038641832142729565
2022-06-23,0.07033822098329685,0.0,0.07317207207117592
2022-06-24,0.04306434891063119,0.0,0.05924936093548752
2022-06-25,0.008000585296180232,0.0,0.010786921118688087
2022-06-26,-0.027166558311602786,0.0,-0.041571214621949674
2022-06-27,-0.006626655169967595,0.0,-0.01429121601243696
2022-06-28,-0.030619699586834415,0.0,-0.046096406765091844
2022-06-29,-0.02741968386091383,0.0,-0.023318926909155945
2022-06-30,-0.015535610200826017,0.0,-0.008233228957094486
2022-07-01,-0.022573829552422153,0.0,-0.03188899098381057
2022-07-02,0.0178208371751997,0.0,0.009893646139250846
2022-07-03,-0.00017151644180376136,0.0,0.006145886790712152
2022-07-04,0.04159521659623944,0.0,0.05189817518455522
2022-07-05,-0.015269754557963717,0.0,-0.019466068358069757
2022-07-06,0.01525827753482763,0.0,0.026051489427342058
2022-07-07,0.03143305869755131,0.0,0.04056775523335235
2022-07-08,-0.021581057910170655,0.0,-0.01454888138553423
2022-07-09,0.01808642140295317,0.0,0.013080072806536305
2022-07-10,-0.03804903724018486,0.0,-0.04107085978061483
2022-07-11,-0.040848648621857955,0.0,-0.0553989747053141
2022-07-12,-0.025630102062874638,0.0,-0.028467954084599942
2022-07-13,0.04300680444987599,0.0,0.053835020920127645
2022-07-14,0.018135081224388262,0.0,0.035514068459095285
2022-07-15,0.004824357319223186,0.0,0.008140494419976642
2022-07-16,0.03969185285510675,0.0,0.055229001721203416
2022-07-17,-0.021134720402903907,0.0,-0.019080817101704894
2022-07-18,0.0939064657932629,0.0,0.10725983656342605
2022-07-19,0.029943662543176,0.0,0.018433115412919525
2022-07-20,-0.04659991854830051,0.0,-0.03602074008329265
2022-07-21,0.021467285581439732,0.0,0.022796999491722647
2022-07-22,-0.02293478674810019,0.0,-0.03110386920472246
2022-07-23,0.02093909041796382,0.0,0.005250213909943659
2022-07-24,0.012887355983092874,0.0,0.01578226213380183
2022-07-25,-0.07571215750622085,0.0,-0.08229624301272395
2022-07-26,-0.007253901210907077,0.0,-0.006829756200395644
2022-07-27,0.08782608873772726,0.0,0.10167260955083515
2022-07-28,0.02660773268252107,0.0,0.041377915474914824
2022-07-29,0.058518358892225564,0.0,0.015399141240288829
2022-07-30,-0.010429324231732668,0.0,0.002258087081793569
2022-07-31,-0.016542797026560915,0.0,-0.009492403396387138
2022-08-01,-0.009499759073412013,0.0,-0.012251292044110252
2022-08-02,-0.04407913999587161,0.0,-0.02544215514566486
2022-08-03,-0.003458374541965699,0.0,0.00301296228431771
2022-08-04,0.010050705169319791,0.0,0.010250219797057768
2022-08-05,0.06034298791584435,0.0,0.04836558034479957
2022-08-06,0.016062721750598825,0.0,-0.0072628878138914065
2022-08-07,0.04151564073013344,0.0,0.021592517486129535
2022-08-08,0.02714889976606612,0.0,0.02898054377257038
2022-08-09,-0.016186355166227167,0.0,-0.027850099481458238
2022-08-10,0.048416119677169814,0.0,0.04637509654393961
2022-08-11,-0.006182898798348324,0.0,-0.005458003594924789
2022-08-12,0.04244150980580389,0.0,0.026015427795687565
2022-08-13,-0.00135825649513884,0.0,0.00209800038524628
2022-08-14,-0.0345458873687721,0.0,-0.017646640711456663
2022-08-15,-0.015871678911119992,0.0,-0.015801410121526693
2022-08-16,-0.02162318557551875,0.0,-0.007072178114910755
2022-08-17,-0.058285993858906385,0.0,-0.03539850236259124
2022-08-18,-0.03873527551394591,0.0,-0.024718886147570462
2022-08-19,-0.08837117113890128,0.0,-0.09664645659312252
2022-08-20,-0.008616472580548318,0.0,-0.002151100501632319
2022-08-21,0.030797723607661087,0.0,0.03037924055887343
2022-08-22,-0.017883108674742743,0.0,-0.004230645286618485
2022-08-23,0.025494768290187375,0.0,0.014613636076441606
2022-08-24,-0.018554673196899553,0.0,-0.011106719359100526
2022-08-25,0.003277815017904584,0.0,0.009279096262959075
2022-08-26,-0.09920211994919,0.0,-0.08077351417152735
2022-08-27,-0.00773138503437835,0.0,0.000733684125019607
2022-08-28,-0.05346575581849829,0.0,-0.03267820313110022
2022-08-29,0.06274073675983263,0.0,0.053029183246749045
2022-08-30,-0.018140562365056307,0.0,-0.021916887412764735
2022-08-31,-2.2564602972785074e-05,0.0,0.0035839585246995047
2022-09-01,0.009100058579063744,0.0,0.02060669273726062
2022-09-02,-0.01078305466466789,0.0,0.0017434509299343428
2022-09-03,-0.0036130061412637336,0.0,0.00022140223344026982
2022-09-04,0.008020601389756427,0.0,0.0185882112800033
2022-09-05,0.013170637709802386,0.0,0.00508687505328026
2022-09-06,-0.049018507312469886,0.0,-0.06020879126253264
2022-09-07,0.04984207232238728,0.0,0.047950047067135126
2022-09-08,0.0048726960088427695,0.0,0.013539317439586663
2022-09-09,0.05457478991330163,0.0,0.05566632679848784
2022-09-10,0.01670227004373359,0.0,0.015389623604833758
2022-09-11,-0.0021076042685127527,0.0,-0.0036276855086728177
2022-09-12,0.00033707729576215595,0.0,0.004272211703481266
2022-09-13,-0.07971826082034117,0.0,-0.07608994918888447
2022-09-14,0.014469613296350214,0.0,0.01853008386250622
2022-09-15,-0.059778557550735426,0.0,-0.04046595075542672
2022-09-16,-0.0065264340052425904,0.0,0.006965244126263237
2022-09-17,0.022128000656195614,0.0,0.03364600557697901
2022-09-18,-0.0774982369471996,0.0,-0.0726259061676199
2022-09-19,0.02914337318346656,0.0,0.020764994589976438
2022-09-20,-0.03212200664847582,0.0,-0.020721191603566787
2022-09-21,-0.021025993883740712,0.0,-0.021306249238919783
2022-09-22,0.054974886631808495,0.0,0.06779959155976759
2022-09-23,0.006575018945564078,0.0,0.01788536248692223
2022-09-24,-0.010612389720801363,0.0,-0.014329284471688221
2022-09-25,-0.012844423460947274,0.0,-0.008222828178131301
2022-09-26,0.016911696410985444,0.0,0.015108771982540025
2022-09-27,-0.010009640725860598,0.0,-0.014060891413567034
2022-09-28,0.012336021544575951,0.0,0.0042336238672860856
2022-09-29,0.003697478556863457,0.0,0.014787909314117687
2022-09-30,-0.00503707337658003,0.0,-0.013069929851347596
2022-10-01,-0.01330556568898548,0.0,-0.011931721824726918
2022-10-02,-0.028035051734663065,0.0,-0.022456173866410856
2022-10-03,0.02287589327006693,0.0,0.030166990093450495
2022-10-04,0.040765258414314776,0.0,0.02956489658972339
2022-10-05,0.010830327471921253,0.0,-0.0020705624622365686
2022-10-06,-0.016207403615552764,0.0,-0.014155348557592297
2022-10-07,0.01160328492144591,0.0,-0.004067571982455009
2022-10-08,-0.015570107513088183,0.0,-0.009726714916299228
2022-10-09,0.02100970947669515,0.0,0.013812169300224199
2022-10-10,-0.041520976363050556,0.0,-0.033650539468418894
2022-10-11,-0.019752466294942872,0.0,-0.01832423681189992
2022-10-12,0.0025505457255207142,0.0,0.0018174176632347772
2022-10-13,-0.009261025132701734,0.0,-0.009727325708086742
2022-10-14,-0.0038809197093705085,0.0,-0.007054284320611082
2022-10-15,-0.006989603496904842,0.0,-0.009784131812488462
2022-10-16,0.015962514375266558,0.0,0.018351342752574797
2022-10-17,0.013032444670445951,0.0,0.01589788600184545
2022-10-18,-0.02225934185543147,0.0,-0.018990400048827582
2022-10-19,-0.027941493037688888,0.0,-0.02609687883571536
2022-10-20,-0.01114793223275016,0.0,-0.012294810052692383
2022-10-21,0.017968537894479976,0.0,0.013289524338736182
2022-10-22,0.006506334131184991,0.0,0.00484074408266586
2022-10-23,0.01881986829588977,0.0,0.02802985543190648
2022-10-24,-0.020424255552029386,0.0,-0.019704762478966423
2022-10-25,0.02640507263611254,0.0,0.06343075415859925
2022-10-26,0.01630123063266072,0.0,0.019933271121436013
2022-10-27,-0.020653777071129732,0.0,-0.0230291689002178
2022-10-28,0.03136849461585951,0.0,0.034267636154968105
2022-10-29,0.027718402616169015,0.0,0.023884335069479855
2022-10-30,0.009630576396525684,0.0,-0.004622429940904827
2022-10-31,0.021960909572722453,0.0,0.008620993927145016
2022-11-01,-0.00988685607759121,0.0,-0.0105298409940054
2022-11-02,-0.02591771442758591,0.0,-0.019313664491870688
2022-11-03,0.025972022198490558,0.0,0.015845156583368224
2022-11-04,0.1054344002298931,0.0,0.08803156249032798
2022-11-05,-0.01506518314156983,0.0,0.008727342050956058
2022-11-06,-0.04566817886117395,0.0,-0.04739008965690098
2022-11-07,0.026066478066202433,0.0,-0.00045753966731566765
2022-11-08,-0.09732781880712667,0.0,-0.11893488388799449
2022-11-09,-0.18511279274676584,0.0,-0.18909534280135334
2022-11-10,0.16207850201701915,0.0,0.16875389346493924
2022-11-11,-0.03481499774203052,0.0,-0.03650184429082753
2022-11-12,-0.06206890730505124,0.0,-0.0470780409265276
2022-11-13,-0.03818384055010622,0.0,-0.03320395074604885
2022-11-14,0.04831840989777632,0.0,0.025143962019336295
2022-11-15,0.016963898037167614,0.0,0.01786581776747126
2022-11-16,-0.028343316216841236,0.0,-0.021541621693458298
2022-11-17,0.0029668435526818047,0.0,-0.0005812097057843809
2022-11-18,0.005331395031729709,0.0,0.0007257110156717374
2022-11-19,-0.0023449379543362125,0.0,-0.002104343564324851
2022-11-20,-0.05021797310120083,0.0,-0.04711953129193185
2022-11-21,-0.004446404442583336,0.0,-0.019104306517896484
2022-11-22,0.05625932887014043,0.0,0.04975455180206161
2022-11-23,0.0601601614558865,0.0,0.06327248476714137
2022-11-24,0.027201319892639592,0.0,0.009227479526736783
2022-11-25,0.006011624889740089,0.0,-0.012376302071775981
2022-11-26,0.01720498275948527,0.0,0.008896022099202816
2022-11-27,-0.015490393558286407,0.0,-0.007213947472582316
2022-11-28,-0.0057837057891911466,0.0,-0.019676369215326117
2022-11-29,0.014510699337259384,0.0,0.01639805287947942
2022-11-30,0.030528883422253864,0.0,0.04171592069467814
2022-12-01,-0.016903942175665487,0.0,-0.019897770803282137
2022-12-02,0.0004701750538430951,0.0,0.015096314562880676
2022-12-03,-0.025428212595894152,0.0,-0.021031993144038922
2022-12-04,0.01401261014713643,0.0,0.01864904035747232
2022-12-05,0.0011607438666283443,0.0,-0.006869699910047066
2022-12-06,-0.005759650868192004,0.0,0.004252578163530474
2022-12-07,-0.030519729490632936,0.0,-0.030379681619232213
2022-12-08,0.018953336978914992,0.0,0.021008223978045783
2022-12-09,-0.020836960547550833,0.0,-0.013483465012680242
2022-12-10,0.0022149935624127997,0.0,0.0002656267281500033
2022-12-11,-0.009908987067223245,0.0,-0.012866845432658817
2022-12-12,-0.01243126011222358,0.0,-0.0018547972801647439
2022-12-13,0.010637998999378673,0.0,0.025672112058252587
2022-12-14,-0.021416400353235443,0.0,-0.009751330079555663
2022-12-15,-0.039989028869547916,0.0,-0.027178059216625878
2022-12-16,-0.09106403231374915,0.0,-0.09166100717310068
2022-12-17,0.016732158383929163,0.0,0.013574523945876892
2022-12-18,0.006108430660832479,0.0,-0.002228943273116713
2022-12-19,-0.02983689314834988,0.0,-0.032988113806196456
2022-12-20,0.04120847548775397,0.0,0.036061440274640706
2022-12-21,-0.011500204960010177,0.0,-0.013885780545744098
2022-12-22,0.004862512451082527,0.0,0.003839051313441844
2022-12-23,-0.00490805739721356,0.0,-0.0008598499055313626
2022-12-24,-0.0032988637380022925,0.0,-0.005390897929093919
2022-12-25,0.01906795719880065,0.0,0.004251103835655801
2022-12-26,0.011449496620054381,0.0,0.013840021402505964
2022-12-27,-0.0135031436627977,0.0,-0.012227920137854387
2022-12-28,-0.027558186960545978,0.0,-0.039105388123546615
2022-12-29,0.0009212220641956481,0.0,-0.006038677175447949
2022-12-30,-0.002805297078815605,0.0,0.0014893668761289504
2022-12-31,0.01642581022549605,0.0,0.004302353087970945
2023-01-01,0.0024718357543982066,0.0,0.004228843931307003
2023-01-02,0.022231642908839163,0.0,0.031775215563179374
2023-01-03,0.003933140018883674,0.0,0.01949472834476632
2023-01-04,0.020507522875515417,0.0,0.028976412667004584
2023-01-05,-0.009221058380882977,0.0,-0.01139627645235003
2023-01-06,0.014578045321758399,0.0,0.015131285325946545
2023-01-07,0.0035476754601806437,0.0,-0.001885790111242736
2023-01-08,0.025102714612742785,0.0,0.03306818732787014
2023-01-09,0.017453645416079706,0.0,0.03573655431920917
2023-01-10,0.0069431673823879825,0.0,0.010920072789872648
2023-01-11,0.03177613529388782,0.0,0.052410786925071354
2023-01-12,0.02811554636403605,0.0,0.015233193940686519
2023-01-13,0.02668577832352651,-0.0005,0.03812387781306679
2023-01-14,0.03660910081621246,0.03660910081621246,0.07654950249211741
2023-01-15,-0.006681649242030814,-0.006681649242030814,-0.015832261675871196
2023-01-16,-0.0046206422012003605,-0.0046206422012003605,0.0008890403613303067
2023-01-17,0.005775205009609115,0.005775205009609115,0.004403398982839024
2023-01-18,-0.03832821303507653,-0.03832821303507653,-0.05111627513613549
2023-01-19,0.021410260877194,0.021410260877194,0.027009525900541752
2023-01-20,0.061348829472324264,0.061348829472324264,0.07965849924920611
2023-01-21,-0.012782282253426073,-0.012782282253426073,-0.015374935092301645
2023-01-22,0.0007948043728834842,0.0007948043728834842,0.0038483410158050794
2023-01-23,0.01495699665906421,0.01495699665906421,0.020974612578375296
2023-01-24,-0.020120713578573958,-0.020120713578573958,-0.041859699647670244
2023-01-25,0.022838714774067993,0.022838714774067993,0.03723437900030795
2023-01-26,-0.010555972212651699,-0.010555972212651699,0.0012177887951918547
2023-01-27,0.009006879974343462,0.009006879974343462,0.02718503406532902
2023-01-28,0.00011628472324639282,0.00011628472324639282,-0.014005083969049972
2023-01-29,0.04310137086095911,0.04310137086095911,0.03981952966345712
2023-01-30,-0.03716903824501272,-0.03716903824501272,-0.05428412963109933
2023-01-31,0.020568180704285604,0.020568180704285604,0.01798700651316365
2023-02-01,0.04173164705141833,0.04173164705141833,0.03462884179875832
2023-02-02,-0.009839087270420044,-0.009839087270420044,-0.004191349788452614
2023-02-03,0.008305763894952448,0.008305763894952448,0.02009935597807601
2023-02-04,-0.011887713601279343,-0.011887713601279343,-0.00919485141123807
2023-02-05,-0.031205923038917782,-0.031205923038917782,-0.026289403395272304
2023-02-06,-0.022676116790030898,-0.022676116790030898,-0.01767849948844069
2023-02-07,0.04578717529539955,0.04578717529539955,0.04436080628516304
2023-02-08,-0.026209306016325352,-0.026209306016325352,-0.018977641767663568
2023-02-09,-0.09230251086561299,-0.09230251086561299,-0.06944487204133797
2023-02-10,-0.009228512034610207,-0.009228512034610207,-0.00611005415733542
2023-02-11,0.019291162551586583,0.019291162551586583,0.01617633915286312
2023-02-12,0.004485567478520691,0.004485567478520691,-0.00974274100806586
2023-02-13,-0.01332274925832814,-0.01332274925832814,-0.01693092230284542
2023-02-14,0.0328515822929923,0.0328515822929923,0.03282308795683999
2023-02-15,0.09538766637666181,0.09538766637666181,0.07676255657653475
2023-02-16,-0.05358353602189321,-0.05358353602189321,-0.04450329253754218
2023-02-17,0.041913647211211005,0.041913647211211005,0.05087607174663431
2023-02-18,0.007247445501127103,0.007247445501127103,0.0069236672739933615
2023-02-19,0.018899455878543987,0.018899455878543987,0.00031938301096660123
2023-02-20,0.0418408115815468,0.0418408115815468,0.01883083959643532
2023-02-21,-0.01889722214637553,-0.01889722214637553,-0.024891786680535325
2023-02-22,-0.023586222552235598,-0.023586222552235598,-0.005856013495169854
2023-02-23,-0.017232646103777283,-0.017232646103777283,-0.008094620067064573
2023-02-24,-0.04482361463722909,-0.04482361463722909,-0.04143727410636348
2023-02-25,-0.015406450538769581,-0.015406450538769581,-0.006707746239814849
2023-02-26,0.02537996675822425,0.02537996675822425,0.020467551820792275
2023-02-27,-0.01772999470940384,-0.01772999470940384,-0.01346036803334406
2023-02-28,-0.0330102112264395,-0.0330102112264395,-0.02176982584571302
2023-03-01,0.03218446519590852,0.03218446519590852,0.028774622586845735
2023-03-02,-0.024190839852818558,-0.024190839852818558,-0.02038943357809797
2023-03-03,-0.03945738052007426,-0.03945738052007426,-0.03598436712518466
2023-03-04,-0.0241792033927903,-0.0241792033927903,-0.013324666107275007
2023-03-05,0.0048490874198391,0.0048490874198391,0.0018791682698587663
2023-03-06,-0.0011364512433757286,-0.0011364512433757286,-0.005367698775555331
2023-03-07,-0.01746114286525228,-0.01746114286525228,-0.00460590331171663
2023-03-08,-0.06594700438043655,-0.06594700438043655,-0.03456896517474527
2023-03-09,-0.049022110455770575,-0.049022110455770575,-0.05114986621856496
2023-03-10,0.0386422902768803,0.0386422902768803,0.006138931479957921
2023-03-11,-0.0074279007273179145,-0.0074279007273179145,-0.0027897233109446364
2023-03-12,0.0996992117277653,0.0996992117277653,0.07408463235557634
2023-03-13,0.01821429876736073,0.01821429876736073,0.04097958092617309
2023-03-14,0.028824277102661958,0.028824277102661958,0.018597801150400255
2023-03-15,-0.07613791912557122,-0.07613791912557122,-0.05270296235629892
2023-03-16,0.026010178122214473,0.026010178122214473,0.0263179215536548
2023-03-17,0.09845039472594815,0.09845039472594815,0.07672723428500612
2023-03-18,-0.034559598232544474,-0.034559598232544474,-0.028189977012191694
2023-03-19,0.02988028485639682,0.02988028485639682,0.026338617491930852
2023-03-20,-0.032648070715858735,-0.032648070715858735,-0.029971163224353684
2023-03-21,0.03928385453301956,0.03928385453301956,0.06554202128380751
2023-03-22,-0.04691017317237504,-0.04691017317237504,-0.035378028194223525
2023-03-23,0.04138520538321007,0.04138520538321007,0.045041796347348596
2023-03-24,-0.04968416535302159,-0.04968416535302159,-0.03658536751737364
2023-03-25,-0.012436734317499771,-0.012436734317499771,-0.005894923883117509
2023-03-26,0.021725426480097454,0.021725426480097454,0.01884527732474477
2023-03-27,-0.038847871147597024,-0.038847871147597024,-0.029555690303182586
2023-03-28,0.024522263998707345,0.024522263998707345,0.026912779936275433
2023-03-29,0.028139850445423033,0.028139850445423033,0.031472288114691715
2023-03-30,-0.013126609164446041,-0.013126609164446041,-0.0117828150679702
2023-03-31,0.030267872177687852,0.030267872177687852,0.025215636219186054
2023-04-01,-0.01698477714671783,-0.01698477714671783,-0.007232378888063196
2023-04-02,-0.0030923692444862665,-0.0030923692444862665,-0.011579787163013612
2023-04-03,-0.016254077630875274,-0.016254077630875274,-0.0041910919042928655
2023-04-04,0.020083254749057252,0.020083254749057252,0.014626386701458084
2023-04-05,0.008731104969213291,0.008731104969213291,0.00514197533721602
2023-04-06,-0.009836268331840368,-0.009836268331840368,-0.012886636285504117
2023-04-07,0.004210376640401506,0.004210376640401506,-0.0027354609041541638
2023-04-08,-0.007825235713573853,-0.007825235713573853,-0.00831584884763481
2023-04-09,0.006455098094116484,0.006455098094116484,0.00870400104768274
2023-04-10,0.03304516923601911,0.03304516923601911,0.0250336758823041
2023-04-11,0.002711834170300409,0.002711834170300409,0.017091502410925687
2023-04-12,-0.003383783089869085,-0.003383783089869085,0.0021291351401688365
2023-04-13,0.023560874167379325,0.023560874167379325,0.025889912156236705
2023-04-14,0.02263956763891084,0.02263956763891084,0.02209041130103906
2023-04-15,-0.005540119325017856,-0.005540119325017856,0.004382003391397394
2023-04-16,0.004959669299311427,0.004959669299311427,0.02208428155056275
2023-04-17,-0.023013026333910332,-0.023013026333910332,-0.01804291596361709
2023-04-18,0.029110028003745587,0.029110028003745587,0.028204419510093778
2023-04-19,-0.0693668050780806,-0.0693668050780806,-0.08151359964848737
2023-04-20,-0.016868470112492002,-0.016868470112492002,-0.022762534595187643
2023-04-21,-0.045280249238587866,-0.045280249238587866,-0.043242797521909127
2023-04-22,0.028228214399266406,0.028228214399266406,0.023771085022697293
2023-04-23,-0.01026480193997407,-0.01026480193997407,-0.011197930319515216
2023-04-24,-0.006936718141921945,-0.006936718141921945,-0.0019310513674024362
2023-04-25,0.020116650374201624,0.020116650374201624,0.025377356679987487
2023-04-26,-0.00432246738571492,-0.00432246738571492,-0.016645637118807666
2023-04-27,0.023352225294396657,0.023352225294396657,0.02330164755410775
2023-04-28,0.005217469718284739,0.005217469718284739,2.4409412055814792e-05
2023-04-29,0.0005543380874270716,0.0005543380874270716,0.0026601471372096675
2023-04-30,-0.00958913905790178,-0.00958913905790178,-0.009721486926207133
2023-05-01,-0.026591900844018114,-0.026591900844018114,-0.028041923170734173
2023-05-02,0.014044057255148642,0.014044057255148642,0.009793910886728952
2023-05-03,0.008775208199018631,0.008775208199018631,0.010157102208922688
2023-05-04,-0.007920228447906925,-0.007920228447906925,-0.012789306159133608
2023-05-05,0.033264788349380105,0.033264788349380105,0.02763932447137765
2023-05-06,-0.02883259722920476,-0.02883259722920476,-0.03498471589109453
2023-05-07,-0.016609515094528828,-0.016609515094528828,-0.008688555933062503
2023-05-08,-0.029063563337235178,-0.029063563337235178,-0.041817598217850575
2023-05-09,0.0002496793256314688,0.0002496793256314688,-0.0005313608348431418
2023-05-10,-0.0008006441551917652,-0.0008006441551917652,0.009794902921809978
2023-05-11,-0.022758017674172844,-0.022758017674172844,-0.025638243766418857
2023-05-12,0.006705848230132797,0.006705848230132797,0.014501070500443147
2023-05-13,-0.006955122990324117,-0.006955122990324117,-0.006574951345220016
2023-05-14,0.003388720983516539,0.003388720983516539,0.008542354344529657
2023-05-15,0.007732124689904473,0.007732124689904473,0.007700697755176578
2023-05-16,0.010097835374664799,0.010097835374664799,0.00274622375099276
2023-05-17,0.009463698718403616,0.009463698718403616,0.01747882182319339
2023-05-18,-0.0018750721813562583,-0.0018750721813562583,-0.017546323771391717
2023-05-19,0.008292673447649834,0.008292673447649834,0.0025610295152208363
2023-05-20,0.005201842937259707,0.005201842937259707,0.002639557788984948
2023-05-21,-0.015730770671976625,-0.015730770671976625,-0.017232402790881687
2023-05-22,0.006567390382391883,0.006567390382391883,0.008064501134364944
2023-05-23,0.014170923302160077,0.014170923302160077,0.011162079227024968
2023-05-24,-0.029130875027728487,-0.029130875027728487,-0.03229873160252213
2023-05-25,0.0029654696336828637,0.0029654696336828637,-0.0016316369942628746
2023-05-26,0.018574816033454233,0.018574816033454233,0.011862003100873843
2023-05-27,0.004508469198916712,0.004508469198916712,0.014213555792043265
2023-05-28,0.037140879084112635,0.037140879084112635,0.03180809320283604
2023-05-29,0.0006303339750923422,0.0006303339750923422,-0.007122349526016558
2023-05-30,0.019620501070434705,0.019620501070434705,0.009283948543266496
2023-05-31,-0.013764588820775246,-0.013764588820775246,-0.017093514540544665
2023-06-01,-0.013767555716570623,-0.013767555716570623,-0.009182252387826694
2023-06-02,0.032218986721387566,0.032218986721387566,0.023115448473365684
2023-06-03,-0.008023765827772422,-0.008023765827772422,-0.0023492131537905525
2023-06-04,0.020747067669858676,0.020747067669858676,0.006378361189363269
2023-06-05,-0.05638731706372842,-0.05638731706372842,-0.06149503008229103
2023-06-06,0.03184667609652592,0.03184667609652592,0.03211345351795976
2023-06-07,-0.0448534373561309,-0.0448534373561309,-0.048961208361020414
2023-06-08,0.01060716941628555,0.01060716941628555,0.005434523034398675
2023-06-09,-0.019566871711667672,-0.019566871711667672,-0.016439831668604365
2023-06-10,-0.06738437953267236,-0.06738437953267236,-0.08746411140766228
2023-06-11,0.006665150476956224,0.006665150476956224,-0.002324274320874931
2023-06-12,-0.00694871818193706,-0.00694871818193706,-0.0038213381101353428
2023-06-13,-0.008156345405545218,-0.008156345405545218,0.009829490511480278
2023-06-14,-0.05431730659439549,-0.05431730659439549,-0.03741996604405412
2023-06-15,0.009238050400228959,0.009238050400228959,0.0027121122709049534
2023-06-16,0.019593278509945,0.019593278509945,0.014907217816826846
2023-06-17,0.012334029067181394,0.012334029067181394,0.011784303064659597
2023-06-18,-0.00039302491601285895,-0.00039302491601285895,-0.007517873278997033
2023-06-19,0.020995970016842204,0.020995970016842204,0.008864640882746333
2023-06-20,0.02175147682302429,0.02175147682302429,0.0322291317710437
2023-06-21,0.03614488534424979,0.03614488534424979,0.04553725609328389
2023-06-22,-0.018860375944617647,-0.018860375944617647,-0.009043409801023573
2023-06-23,0.01476942063323509,0.01476942063323509,0.03595707315778467
2023-06-24,-0.018823967534960184,-0.018823967534960184,-0.01563003050645232
2023-06-25,0.012746645595673881,0.012746645595673881,0.010889038096734582
2023-06-26,-0.028420491343268107,-0.028420491343268107,-0.02234418540394797
2023-06-27,0.015724307606368226,0.015724307606368226,0.013644642356138983
2023-06-28,-0.03640770395531082,-0.03640770395531082,-0.04482300530462509
2023-06-29,0.05258922235261535,0.05258922235261535,0.029388352726939404
2023-06-30,0.030614869337510082,0.030614869337510082,0.057533210091145266
2023-07-01,-0.0031377137198248155,-0.0031377137198248155,0.009070247522236197
2023-07-02,0.02117854721084544,0.02117854721084544,0.016394613952512273
2023-07-03,-0.009544924756068867,-0.009544924756068867,-0.0007346572591039886
2023-07-04,-0.014215992720613357,-0.014215992720613357,-0.012071258337566216
2023-07-05,-0.013756698089015546,-0.013756698089015546,-0.019895348573850138
2023-07-06,-0.040223631895845026,-0.040223631895845026,-0.024666347299600398
2023-07-07,0.017758597348007738,0.017758597348007738,0.02389716360809755
2023-07-08,-0.0026960550608692286,-0.0026960550608692286,0.011860887045456337
2023-07-09,-0.010966028370721026,-0.010966028370721026,-0.011052973263524625
2023-07-10,0.011261391330309973,0.011261391330309973,0.011141686576830158
2023-07-11,0.0020592476521054115,0.0020592476521054115,0.007725301870447677
2023-07-12,-0.00534393399376909,-0.00534393399376909,-0.008566562857948934
2023-07-13,0.05537383759794852,0.05537383759794852,0.16648705201610003
2023-07-14,-0.04538641157218007,-0.04538641157218007,-0.033829221837276394
2023-07-15,-0.0032001139816329642,-0.0032001139816329642,0.0015989724104469856
2023-07-16,-0.008353029478899486,-0.008353029478899486,-0.015008251136084557
2023-07-17,-0.005418433360301567,-0.005418433360301567,0.004987503458306042
2023-07-18,-0.008502576411420418,-0.008502576411420418,-0.01578865359973034
2023-07-19,0.0015303590986224618,0.0015303590986224618,0.016418002266576803
2023-07-20,-0.000215719448407222,-0.000215719448407222,0.013734859033970617
2023-07-21,0.007526880767833033,0.007526880767833033,0.000892943968429072
2023-07-22,-0.013401963397869402,-0.013401963397869402,-0.025393957418723592
2023-07-23,0.01221316417122309,0.01221316417122309,0.010758973848854403
2023-07-24,-0.031644912073513456,-0.031644912073513456,-0.035740078952347216
2023-07-25,0.00338427830664482,0.00338427830664482,-0.0007297132044342567
2023-07-26,0.008100295029428143,0.008100295029428143,0.01812110487049024
2023-07-27,-0.004209374477546509,-0.004209374477546509,0.0010826614237401944
2023-07-28,0.007635785580156687,0.007635785580156687,0.0006959442227064125
2023-07-29,0.012723914687785554,0.012723914687785554,0.0075947914764215255
2023-07-30,-0.00615546106788889,-0.00615546106788889,-0.011542151757804897
2023-07-31,-0.009042671584753727,-0.009042671584753727,-0.012695400046312623
2023-08-01,0.011732570568881698,0.011732570568881698,0.01319255329818272
2023-08-02,-0.03441706514512625,-0.03441706514512625,-0.03215593444550518
2023-08-03,-0.0277059243915397,-0.0277059243915397,-0.018221257661544032
2023-08-04,-0.011708394893301702,-0.011708394893301702,-0.004788603977633943
2023-08-05,-0.0020033153956923178,-0.0020033153956923178,0.0015757355840704482
2023-08-06,-0.0001502097766154704,-0.0001502097766154704,-0.00014695814956453533
2023-08-07,0.006850012279255821,0.006850012279255821,-0.00041401378160848005
2023-08-08,0.03450089922916214,0.03450089922916214,0.02381391290733908
2023-08-09,0.013733238239289475,0.013733238239289475,0.003400984410446862
2023-08-10,-0.005910801984802353,-0.005910801984802353,-0.008548431024529825
2023-08-11,-0.006505279271350694,-0.006505279271350694,-0.0034689772639883375
2023-08-12,2.53428673520446e-05,2.53428673520446e-05,-2.0875061332413384e-06
2023-08-13,-0.012635766146369704,-0.012635766146369704,-0.009313135917331372
2023-08-14,0.018781331945008452,0.018781331945008452,0.007626731745959758
2023-08-15,-0.046370831663624504,-0.046370831663624504,-0.03156782809667541
2023-08-16,-0.04028202974569328,-0.04028202974569328,-0.03227084422156604
2023-08-17,-0.08897140730623421,-0.08947140730623421,-0.07733408467532578
2023-08-18,-0.008497425912102747,0.0,-0.0021924555506059548
2023-08-19,0.017505193806595244,0.0,0.00828283665021703
2023-08-20,0.013505889888382267,0.0,0.008489754084948332
2023-08-21,-0.019907520214700658,0.0,-0.016817187069911844
2023-08-22,-0.01651103879074678,0.0,-0.014830243472390182
2023-08-23,0.03746872523084536,0.0,0.0267633555544571
2023-08-24,-0.03159564745836178,0.0,-0.016146035953618177
2023-08-25,-0.008973844956538784,0.0,-0.004272526830880864
2023-08-26,-0.003845332660208848,0.0,-0.002024359987603153
2023-08-27,0.009706591653013463,0.0,0.0071235120955186245
2023-08-28,-0.006534204723279516,0.0,0.003931402816211194
2023-08-29,0.04245778995269418,-0.0005,0.040055785951454606
2023-08-30,-0.0355164318304824,-0.0360164318304824,-0.025874980534508263
2023-08-31,-0.03205902805347623,0.0,-0.04063716904154802
2023-09-01,-0.011877070827503259,0.0,-0.009910805089304354
2023-09-02,0.005402177938639878,0.0,0.006628440662015323
2023-09-03,0.008684462787010553,0.0,0.0015045642093700186
2023-09-04,7.359786220303066e-05,0.0,-0.0018713474726947399
2023-09-05,0.01814500459176941,0.0,0.0061209771281077975
2023-09-06,-0.0035366574229598693,0.0,-0.0008237096915073238
2023-09-07,0.010470295235847674,0.0,0.0097820252539345
2023-09-08,-0.010497308497582717,0.0,-0.01147426193957204
2023-09-09,-0.009088783041173665,0.0,-0.0035293171719882775
2023-09-10,-0.03260466477606734,0.0,-0.022738783097223568
2023-09-11,-0.035747880709434944,0.0,-0.033468271604536984
2023-09-12,0.015817039987108407,0.0,0.01594019208386066
2023-09-13,0.01439420310386515,0.0,0.013452595509732036
2023-09-14,0.019089317968716525,0.0,0.012571760010691482
2023-09-15,0.02492975592511581,0.0,0.016804150663233416
2023-09-16,-0.005285325152243263,0.0,-0.002216064372880944
2023-09-17,-0.017355091631659415,0.0,-0.014985241529847603
2023-09-18,0.044390130268396735,0.0,0.021152358327294788
2023-09-19,0.028769372124031335,0.0,0.01718223082890591
2023-09-20,0.011469447512322557,0.0,-0.00719818009489056
2023-09-21,-0.03366374815958639,0.0,-0.02396400258474176
2023-09-22,0.01563481634576776,0.0,0.005250443240932434
2023-09-23,0.009884147943966859,0.0,0.005118229827479959
2023-09-24,-0.014832737888713976,0.0,-0.0134326096883315
2023-09-25,0.026179036275825185,0.0,0.015329930514106227
2023-09-26,-0.01440422675069793,0.0,-0.004427062248807633
2023-09-27,0.013065718668411405,0.0,0.0019109268714687438
2023-09-28,0.028913572429883683,0.0,0.02658442115792279
2023-09-29,0.019327236240243018,0.0,0.006287848674519504
2023-09-30,0.02275905088276416,0.0,0.011133194868946152
2023-10-01,0.01959659914562295,0.0,0.03758872224211655
2023-10-02,-0.04273297155731829,0.0,-0.03156403514296539
2023-10-03,-0.004941833214986978,0.0,0.0030818159617227556
2023-10-04,0.014394878193459968,0.0,0.005989463100092619
2023-10-05,-0.02083627879673825,0.0,-0.010545790385037125
2023-10-06,0.021466684924931496,0.0,0.02082587111125671
2023-10-07,-0.007220382933222025,0.0,-0.009656110194409463
2023-10-08,0.006512026838013996,0.0,-0.003987600433900384
2023-10-09,-0.032933154534868926,0.0,-0.0346389358259986
2023-10-10,-0.005643041097309953,0.0,-0.0034371646575811154
2023-10-11,-0.0008070068522531742,0.0,-0.011540224611477759
2023-10-12,-0.015773258727647416,0.0,-0.014932343445321017
2023-10-13,0.006721446409037046,0.0,0.008015055376115665
2023-10-14,0.0035672943744443626,0.0,0.0032147044181097817
2023-10-15,0.008837630143806821,0.0,0.004855057570597477
2023-10-16,0.031047381267856514,-0.0005,0.03119045224450605
2023-10-17,-0.017664979486747646,-0.017664979486747646,-0.01798401216092779
2023-10-18,-6.354165202837603e-05,-6.354165202837603e-05,-0.010628950278297347
2023-10-19,0.0030901073375809345,0.0030901073375809345,0.019575764389326632
2023-10-20,0.03141533102941585,0.03141533102941585,0.025634970004653694
2023-10-21,0.0659127154875044,0.0659127154875044,0.04492832070705934
2023-10-22,0.05382662418516112,0.05382662418516112,0.025380518780291815
2023-10-23,0.06839733074845636,0.06839733074845636,0.0664545843988582
2023-10-24,0.007004539657074963,0.007004539657074963,-0.008880322302376729
2023-10-25,0.026753842721253175,0.026753842721253175,0.01811495679018466
2023-10-26,-0.0031751283510765096,-0.0031751283510765096,0.00685552679777155
2023-10-27,0.0015546893397171044,0.0015546893397171044,-0.011760167723046867
2023-10-28,-0.007191364898926503,-0.007191364898926503,0.004232807614455681
2023-10-29,0.013370661494244152,0.013370661494244152,0.019925348351768648
2023-10-30,0.006377742427598624,0.006377742427598624,0.021957490211416165
2023-10-31,0.006518228398565898,0.006518228398565898,0.008680296462254024
2023-11-01,0.04015382390835742,0.04015382390835742,0.03638629130678987
2023-11-02,-0.03253824967636676,-0.03253824967636676,-0.011466959618433605
2023-11-03,0.006878630426015405,0.006878630426015405,0.007849450872910415
2023-11-04,0.02755694008626793,0.02755694008626793,0.016897516362341557
2023-11-05,0.01215053121526085,0.01215053121526085,0.02481857388828748
2023-11-06,0.028386149997737066,0.028386149997737066,0.041051749893453414
2023-11-07,0.013003409028196003,0.013003409028196003,-0.011222955462813499
2023-11-08,0.050431080375952744,0.050431080375952744,0.02116091596174221
2023-11-09,0.020367347988148248,0.020367347988148248,0.020986737049797522
2023-11-10,0.1076826234746236,0.1076826234746236,0.051241407720908
2023-11-11,0.014864256261121459,0.014864256261121459,0.024404107783437733
2023-11-12,-0.008998004618468891,-0.008998004618468891,0.0096096275382074
2023-11-13,-0.063368809501964,-0.063368809501964,-0.0504886330333769
2023-11-14,0.012685159836458272,0.012685159836458272,-0.004815371153199897
2023-11-15,0.09801744936164643,0.09801744936164643,0.08059802332873074
2023-11-16,-0.07923355654008171,-0.07923355654008171,-0.04338483106426098
2023-11-17,0.002321994072952638,0.002321994072952638,-0.0023412571403031556
2023-11-18,0.002010139857878235,0.002010139857878235,0.004173349478606591
2023-11-19,0.052583833759127334,0.052583833759127334,0.03135288379481194
2023-11-20,-0.036147983757944216,-0.036147983757944216,-0.023767625312546305
2023-11-21,-0.06303755290167885,-0.06303755290167885,-0.06584135475825263
2023-11-22,0.06823878526143137,0.06823878526143137,0.06124546999825496
2023-11-23,-0.00311857916956267,-0.00311857916956267,0.0007150877793741463
2023-11-24,0.0067718628246358215,0.0067718628246358215,0.007653662653837101
2023-11-25,0.019104608087715375,0.019104608087715375,0.01434656268518031
2023-11-26,-0.008880885645418632,-0.008880885645418632,-0.011019350654612358
2023-11-27,-0.030155079699952347,-0.030155079699952347,-0.02516278047307904
2023-11-28,0.03158030828746579,0.03158030828746579,0.018956246021289046
2023-11-29,0.006106135975453693,0.006106135975453693,-0.0009633309244739593
2023-11-30,-0.004128982202223833,-0.004128982202223833,0.004501584630074552
2023-12-01,0.023953955643746323,0.023953955643746323,0.018321142557671744
2023-12-02,0.05073751358840909,0.05073751358840909,0.029027345132915095
2023-12-03,-0.013467381193325762,-0.013467381193325762,-0.0027343727563598594
2023-12-04,0.002534064666732486,0.002534064666732486,0.015577427213788906
2023-12-05,0.023474650096332872,0.023474650096332872,0.02477107225682376
2023-12-06,0.01942443035298162,0.01942443035298162,0.008150308801725938
2023-12-07,0.042248510712054266,0.042248510712054266,0.028147672919793858
2023-12-08,0.11620951403904001,0.11620951403904001,0.0790238086679982
2023-12-09,-0.013587266173078592,-0.013587266173078592,-0.0010823142948002784
2023-12-10,0.06873775335742982,0.06873775335742982,0.029440102301221564
2023-12-11,-0.041788302936467396,-0.041788302936467396,-0.048957473227481375
2023-12-12,-0.020358280184212964,-0.020358280184212964,0.007048191363683641
2023-12-13,0.031193546262548923,0.031193546262548923,0.03944738565385036
2023-12-14,0.03886239378613602,0.03886239378613602,0.010751414784128733
2023-12-15,-0.033117214811811804,-0.033117214811811804,-0.03955637141703247
2023-12-16,0.023879550834033925,0.023879550834033925,0.013274749588588198
2023-12-17,-0.029384282294824406,-0.029384282294824406,-0.025720005267567927
2023-12-18,0.0338362746405414,0.0338362746405414,0.019532755301330175
2023-12-19,-0.028671794903575038,-0.028671794903575038,-0.014349777801754759
2023-12-20,0.0752588507148407,0.0752588507148407,0.036315007637413244
2023-12-21,0.09163791413071154,0.09163791413071154,0.06510837385161634
2023-12-22,0.015572297201534597,0.015572297201534597,0.006453487208257714
2023-12-23,0.05595189491836905,0.05595189491836905,0.016140201238287345
2023-12-24,0.004674048877661912,0.004674048877661912,-0.007234134633583012
2023-12-25,0.036584982156630044,0.036584982156630044,0.0325152888555659
2023-12-26,-0.061378307379700583,-0.061378307379700583,-0.02090033984144982
2023-12-27,0.003079168393977816,0.003079168393977816,0.026864329688052857
2023-12-28,-0.0474092257413519,-0.0474092257413519,-0.021711341116662945
2023-12-29,0.005530353819747756,0.005530353819747756,-0.014041984392254958
2023-12-30,-0.02808091579088704,-0.02808091579088704,-0.008119356406427448
2023-12-31,-0.014057147054624833,-0.014057147054624833,-0.011027520897565013
2024-01-01,0.07120262903589838,0.07120262903589838,0.04360382520138775
2024-01-02,-0.0278586724280262,-0.0278586724280262,-0.01478972549742674
2024-01-03,-0.08326579984274643,-0.08326579984274643,-0.0675922604292274
2024-01-04,0.047460157689737104,0.047460157689737104,0.030951684774736067
2024-01-05,-0.053123495270449905,-0.053123495270449905,-0.029486871722682984
2024-01-06,-0.04814447863522756,-0.04814447863522756,-0.029621529469297154
2024-01-07,-0.044279347127432235,-0.044279347127432235,-0.02647792521750082
2024-01-08,0.08764489181357911,0.08764489181357911,0.06511776768049918
2024-01-09,-0.025423254197991775,-0.025423254197991775,-0.021275236915443117
2024-01-10,0.08100795302012449,0.08100795302012449,0.06879823122015305
2024-01-11,0.010632892407245076,0.010632892407245076,0.01111991099418358
2024-01-12,-0.07747381021055569,-0.07747381021055569,-0.05570633014394333
2024-01-13,0.021171552546695633,0.021171552546695633,0.012067204214389272
2024-01-14,-0.029908767972387947,-0.029908767972387947,-0.020072022624665533
2024-01-15,0.005723807517170091,0.005723807517170091,0.015639208658199545
2024-01-16,0.01512063380427845,0.01512063380427845,0.008741784908822749
2024-01-17,0.013662431482491688,0.013662431482491688,-0.0016364014829986066
2024-01-18,-0.06436969800795223,-0.06436969800795223,-0.03998127513493346
2024-01-19,-0.011010387571232218,-0.011010387571232218,0.009699575005172099
2024-01-20,0.0066285839533529,0.0066285839533529,0.0024271392181476896
2024-01-21,-0.017308240642557943,-0.017308240642557943,-0.010089322755466413
2024-01-22,-0.07350403325958776,-0.07350403325958776,-0.058874944764120155
2024-01-23,0.013911340637909922,0.013911340637909922,-0.006264585170504356
2024-01-24,0.024136079473922413,0.024136079473922413,0.008209309678747091
2024-01-25,-0.021664948228379832,-0.021664948228379832,-0.01352867366576711
2024-01-26,0.05442395055650406,0.05442395055650406,0.03967932584850862
2024-01-27,0.017052501911202,0.017052501911202,0.009222320457664104
2024-01-28,0.023962612394634673,0.023962612394634673,0.009304549304118857
2024-01-29,0.056020987644360254,0.056020987644360254,0.0325429338640447
2024-01-30,-0.01594192341000907,-0.01594192341000907,-0.010842085312971574
2024-01-31,-0.04405308911241852,-0.04405308911241852,-0.024692915642989643
2024-02-01,0.009316583348887408,0.009316583348887408,0.021948161764799582
2024-02-02,0.03829582399188092,0.03829582399188092,0.020585370970555864
2024-02-03,-0.017254987399505334,-0.017254987399505334,-0.005698508228538313
2024-02-04,-0.012569513492759624,-0.012569513492759624,-0.013909399829276917
2024-02-05,-0.007286810829125301,-0.007286810829125301,0.005980450824150285
2024-02-06,0.003163534770806627,0.003163534770806627,0.003767230238779041
2024-02-07,0.030703284485978772,0.030703284485978772,0.022024377763221102
2024-02-08,0.01954209060124904,0.01954209060124904,0.01424344618338471
2024-02-09,0.042951582930637056,0.042951582930637056,0.028146449475447755
2024-02-10,0.02609395021123565,0.02609395021123565,0.015106198898186627
2024-02-11,-0.012018583193878976,-0.012018583193878976,0.0012064308123916564
2024-02-12,0.03275869156637068,0.03275869156637068,0.031095934912659183
2024-02-13,-0.012112818223205942,-0.012112818223205942,-0.016794500500846812
2024-02-14,0.04362288124734566,0.04362288124734566,0.038204037669026934
2024-02-15,0.0057686180825359985,0.0057686180825359985,0.013345814176299455
2024-02-16,-0.014019596105282545,-0.014019596105282545,-0.007964566094178916
2024-02-17,-0.016329739874307154,-0.016329739874307154,-0.005461442272844719
2024-02-18,0.010835637417938988,0.010835637417938988,0.013695351201888506
2024-02-19,-0.006416899990492922,-0.006416899990492922,0.00440529592985609
2024-02-20,-0.014211553394269825,-0.014211553394269825,-0.010923516200917539
2024-02-21,0.004272094269950972,0.004272094269950972,-0.015436156111798261
2024-02-22,-0.015734585780895705,-0.015734585780895705,-0.011881798036263026
2024-02-23,-0.018938681178253147,-0.018938681178253147,-0.009884172389472435
2024-02-24,0.027172230040997704,0.027172230040997704,0.02530419116557419
2024-02-25,0.010228161622451954,0.010228161622451954,0.008002836650806434
2024-02-26,0.04885113360657023,0.04885113360657023,0.03576390882762481
2024-02-27,-0.010731054685280423,-0.010731054685280423,0.016378535379885064
2024-02-28,0.055963823532546066,0.055963823532546066,0.032435133717248044
2024-02-29,0.01310433190603962,0.01310433190603962,0.011948812857690217
2024-03-01,0.02941816123284931,0.02941816123284931,0.04277029298443074
2024-03-02,0.019154487123597207,0.019154487123597207,0.03968224573876456
2024-03-03,-0.0013096566073537525,-0.0013096566073537525,-0.007500912623694322
2024-03-04,0.03951536122210534,0.03951536122210534,0.02505514433698616
2024-03-05,-0.05246854621509274,-0.05246854621509274,-0.0680087088801163
2024-03-06,0.05550610560315353,0.05550610560315353,0.060846091594720826
2024-03-07,0.009793355618259595,0.009793355618259595,0.03406592262126546
2024-03-08,0.0019766244398979893,0.0019766244398979893,0.00208794039723067
2024-03-09,0.007819595041623773,0.007819595041623773,0.006560141853612855
2024-03-10,0.02834822055975472,0.02834822055975472,0.002665439928672708
2024-03-11,0.023776760390306587,0.023776760390306587,0.07727997297366361
2024-03-12,-0.019785465819572596,-0.019785465819572596,-0.004442420409618376
2024-03-13,0.011299967526405533,0.011299967526405533,0.0358869280608566
2024-03-14,-0.01573717562123385,-0.01573717562123385,-0.009091118924586795
2024-03-15,-0.04274350820186042,-0.04274350820186042,-0.015517499567358118
2024-03-16,-0.0637360020321053,-0.0637360020321053,-0.06789604039323803
2024-03-17,0.03708912940405229,0.03708912940405229,0.042211323539194774
2024-03-18,-0.02174092269927071,-0.02174092269927071,-0.006954926327158028
2024-03-19,-0.08951640923569315,-0.08951640923569315,-0.10279006993779892
2024-03-20,0.10153834977299765,0.10153834977299765,0.08935425759309965
2024-03-21,-0.013373712194088894,-0.013373712194088894,-0.015432761851599808
2024-03-22,-0.02646389936101834,-0.02646389936101834,-0.025166549824311324
2024-03-23,-0.002209076223447459,-0.002209076223447459,0.005172827416697789
2024-03-24,0.03679014044797535,0.03679014044797535,0.039379355329471614
2024-03-25,0.04152995457065867,0.04152995457065867,0.030791168864563633
2024-03-26,0.011032836343655518,0.011032836343655518,0.00450172701077617
2024-03-27,-0.022457871602785374,-0.022457871602785374,-0.02356402693010078
2024-03-28,0.009572464898005634,0.009572464898005634,0.010850151105528626
2024-03-29,-0.011557039711876788,-0.011557039711876788,0.02060086923267843
2024-03-30,-0.002431491149373244,-0.002431491149373244,-0.01423956324600907
2024-03-31,0.024134592721437736,0.024134592721437736,0.021476965080876823
2024-04-01,-0.04131575383523778,-0.04131575383523778,-0.04297426568586696
2024-04-02,-0.05494621132629614,-0.05494621132629614,-0.04388536327868895
2024-04-03,0.017082035458808743,0.017082035458808743,-0.010011556363820208
2024-04-04,0.024340940837052478,0.024340940837052478,0.015395688531970451
2024-04-05,-0.02408765705390048,-0.02408765705390048,-0.01648906677837824
2024-04-06,0.017662405872325516,0.017662405872325516,0.021297242298007783
2024-04-07,0.0025645001928394917,0.0025645001928394917,0.011493663225675
2024-04-08,0.014606106637880052,0.014606106637880052,0.02703639189075644
2024-04-09,-0.03048069288201949,-0.03048069288201949,-0.03898487601935135
2024-04-10,0.02575290316410809,0.02575290316410809,0.007051715937079638
2024-04-11,-0.0069804197898580824,-0.0069804197898580824,-0.004943569200733189
2024-04-12,-0.05490596119594874,-0.05490596119594874,-0.10219758971051823
2024-04-13,-0.07127127387400818,-0.07127127387400818,-0.09900875181168223
2024-04-14,0.04635303550723228,0.04635303550723228,0.05383686936521348
2024-04-15,-0.0483058690221595,-0.0483058690221595,-0.03344746524164136
2024-04-16,-0.012409091758350588,-0.012409091758350588,-0.004569714130455904
2024-04-17,-0.026152813629059486,-0.026152813629059486,-0.02220261095695113
2024-04-18,0.04906353745714982,0.04906353745714982,0.03578148474402976
2024-04-19,0.004779681327264325,0.004779681327264325,0.0025512801699443255
2024-04-20,0.03541135738265614,0.03541135738265614,0.0576145997290973
2024-04-21,-0.0008595975723420333,-0.0008595975723420333,-0.007542321376234684
2024-04-22,0.04362851003760341,0.04362851003760341,0.03905304589422639
2024-04-23,-0.006395889886293656,-0.006395889886293656,-0.01434564522055306
2024-04-24,-0.024997717146200988,-0.024997717146200988,-0.0342703046905519
2024-04-25,-0.002130162396597801,-0.002130162396597801,-0.0032336131363106756
2024-04-26,-0.025918917450163614,-0.025918917450163614,-0.010892012057101375
2024-04-27,0.0023708451424836827,0.0023708451424836827,-0.001625381582500064
2024-04-28,-0.007272135544392321,-0.007272135544392321,-0.010251939314569938
2024-04-29,-0.00037019431204532465,-0.00037019431204532465,0.002395372498193449
2024-04-30,-0.05095821307546311,-0.05095821307546311,-0.04978706670853473
2024-05-01,-0.0028159139555767494,-0.0028159139555767494,0.014499397432718499
2024-05-02,0.012341184845245969,0.012341184845245969,0.015183174252670451
2024-05-03,0.05139482334545442,0.05139482334545442,0.03540720831155908
2024-05-04,0.010125449372332913,0.010125449372332913,0.0067731946897280244
2024-05-05,0.003347031311873379,0.003347031311873379,0.003034407441533982
2024-05-06,0.009630042626783686,0.009630042626783686,-0.001410444696777592
2024-05-07,-0.02077337003751578,-0.02077337003751578,-0.023663820822284368
2024-05-08,-0.013090483367861857,-0.013090483367861857,-0.007585132302870879
2024-05-09,0.03930972933611561,0.03930972933611561,0.025113654668067968
2024-05-10,-0.03222028204440334,-0.03222028204440334,-0.03696717914926943
2024-05-11,0.001593706114702257,0.001593706114702257,-0.0034390696376585773
2024-05-12,0.0008248415744272304,0.0008248415744272304,-0.00035059010283414746
2024-05-13,0.015038513455635817,0.015038513455635817,0.0022786151065689823
2024-05-14,-0.03306280522128535,-0.03306280522128535,-0.025929319335926064
2024-05-15,0.0724887637392965,0.0724887637392965,0.06600332906332386
2024-05-16,-0.010630093710820687,-0.010630093710820687,0.00652425265561084
2024-05-17,0.03813875414392716,0.03813875414392716,0.03788979206782988
2024-05-18,0.004963492092312283,0.004963492092312283,0.003859036549302997
2024-05-19,-0.011386556439549592,-0.011386556439549592,-0.018225795541547154
2024-05-20,0.07327051411109964,0.07327051411109964,0.08781755215503356
2024-05-21,-0.011257896031744024,-0.011257896031744024,-0.0019273497830930365
2024-05-22,-0.009189971156631152,-0.009189971156631152,-0.018520027225701004
2024-05-23,-0.01607840249202334,-0.01607840249202334,-0.012994955430776946
2024-05-24,-0.011717374043659985,-0.011717374043659985,-0.0020516661977023065
2024-05-25,0.005964879833393702,0.005964879833393702,0.008512738353621952
2024-05-26,-0.014976490313424552,-0.014976490313424552,-0.011701005586002167
2024-05-27,0.019880562038629902,0.019880562038629902,0.027665947490322695
2024-05-28,-0.00919127471955187,-0.00919127471955187,-0.017594210276657495
2024-05-29,-0.008108031894664913,-0.008108031894664913,-0.011967603048716201
2024-05-30,0.0017381488423094944,0.0017381488423094944,-0.006202166845734857
2024-05-31,-0.008441518105987476,-0.008441518105987476,-0.0006900577438582188
2024-06-01,0.008942977890466459,0.008942977890466459,0.004337797175280389
2024-06-02,-0.006683052889119707,-0.006683052889119707,-0.009075221629883758
2024-06-03,0.0018336153497490564,0.0018336153497490564,0.007084669314347838
2024-06-04,0.03794625567806387,0.03794625567806387,0.026689307993035614
2024-06-05,0.010980452288331739,0.010980452288331739,0.009122036306618985
2024-06-06,-0.007837973276678864,-0.007837973276678864,-0.010844536249085724
2024-06-07,-0.042512654094290316,-0.042512654094290316,-0.0436904305908276
2024-06-08,-0.007951872890485932,-0.007951872890485932,-0.0170999616501852
2024-06-09,0.006330004455628847,0.006330004455628847,0.012674740556723732
2024-06-10,-0.03717810711801121,-0.03717810711801121,-0.01797572459362994
2024-06-11,-0.04580290877168002,-0.04580290877168002,-0.037499499550871666
2024-06-12,0.03738078392692379,0.03738078392692379,0.03521615642515668
2024-06-13,-0.037073532454487815,-0.037073532454487815,-0.036801505086343646
2024-06-14,-0.005600184838168857,-0.005600184838168857,-0.01584858292036441
2024-06-15,0.013375553224137304,0.013375553224137304,0.011931343891689008
2024-06-16,0.012372886084976257,0.012372886084976257,0.011077445292432743
2024-06-17,-0.02614280731902326,-0.02614280731902326,-0.026388925741406034
2024-06-18,-0.024318758155763526,-0.024318758155763526,-0.037409590350085294
2024-06-19,0.021699465362564986,0.021699465362564986,0.008221410923454806
2024-06-20,-0.012770426925463003,-0.012770426925463003,-0.005266772808810138
2024-06-21,-0.009484897013440277,-0.009484897013440277,-0.006885958761261569
2024-06-22,-0.00844426339804305,-0.00844426339804305,-0.004772508690880451
2024-06-23,-0.022409546369208333,-0.022409546369208333,-0.020398274110512597
2024-06-24,-0.001155304313607811,-0.001155304313607811,-0.008378257030097104
2024-06-25,0.024859471625033804,0.024859471625033804,0.024062177461882394
2024-06-26,-0.01263794722758449,-0.01263794722758449,-0.008268969340142861
2024-06-27,0.02392946901143992,0.02392946901143992,0.040081828583319545
2024-06-28,-0.029683470419747206,-0.029683470419747206,-0.021844714960427305
2024-06-29,-0.004488201170806505,-0.004488201170806505,0.00037002190894679365
2024-06-30,0.03112988662271025,0.03112988662271025,0.028609393649428563
2024-07-01,0.0018807150310196084,0.0018807150310196084,0.0019955322473129145
2024-07-02,0.009467937286012175,0.009467937286012175,0.013478752593680645
2024-07-03,-0.05013907089392196,-0.05013907089392196,-0.05000068134716545
2024-07-04,-0.07305679480679446,-0.07355679480679446,-0.08080511035790715
2024-07-05,0.008016381551463744,0.0,-0.008637049710533964
2024-07-06,0.04147668213354794,0.0,0.06238673633630225
2024-07-07,-0.05592022166555284,0.0,-0.06022630767277648
2024-07-08,0.03472690649699291,0.0,0.03320863437245464
2024-07-09,0.017173118259027415,0.0,0.015107588489435598
2024-07-10,0.004098572788188,0.0,0.006655079492871885
2024-07-11,-0.0167999972966845,0.0,-0.008876055634059056
2024-07-12,0.015801487302292028,0.0,0.029463941873990197
2024-07-13,0.01797514430443662,-0.0005,0.027010626499146165
2024-07-14,0.029153447887175034,0.029153447887175034,0.014920013238505492
2024-07-15,0.0754084938094465,0.0754084938094465,0.055437313793894764
2024-07-16,-0.0019435776424882407,-0.0019435776424882407,0.0017340398695506309
2024-07-17,-0.020624555742092765,-0.020624555742092765,-0.009532414022278038
2024-07-18,0.01041046791079762,0.01041046791079762,-0.012297947429695555
2024-07-19,0.04318087201752041,0.04318087201752041,0.0351436786770039
2024-07-20,0.012827041935406697,0.012827041935406697,0.01119799050488435
2024-07-21,0.02697191510365974,0.02697191510365974,0.03014555227230953
2024-07-22,-0.021898847969508285,-0.021898847969508285,-0.028270404986208558
2024-07-23,-0.01573267343540315,-0.01573267343540315,-0.018447777902819405
2024-07-24,-0.006575078328199518,-0.006575078328199518,-0.01427388767315394
2024-07-25,-0.02547457998581363,-0.02547457998581363,-0.025008665110708796
2024-07-26,0.04313814537690559,0.04313814537690559,0.03684460087703203
2024-07-27,-0.0016418446900258545,-0.0016418446900258545,-0.004096551878548505
2024-07-28,0.006073708451330187,0.006073708451330187,-0.006134636207375411
2024-07-29,-0.005808322688918696,-0.005808322688918696,-0.0009380976648262424
2024-07-30,-0.013989794582763948,-0.013989794582763948,-0.00907555457110849
2024-07-31,-0.026997927962133034,-0.026997927962133034,-0.022951635420631913
2024-08-01,-0.023443254310938483,-0.023443254310938483,-0.006906872845692658
2024-08-02,-0.06851467049774065,-0.06851467049774065,-0.06726854586002673
2024-08-03,-0.032069950759336566,-0.032569950759336566,-0.021316828421033652
2024-08-04,-0.05154214809903068,0.0,-0.05675829838016901
2024-08-05,-0.06312231445229291,0.0,-0.08557594493430559
2024-08-06,0.061699710901906325,0.0,0.05299605717845298
2024-08-07,0.056996911929626144,0.0,-0.004984459337453208
2024-08-08,0.08177933913488392,0.0,0.1042037597873319
2024-08-09,-0.03815791916157263,0.0,-0.025521456319416016
2024-08-10,0.006469861846800318,0.0,0.001052337217191857
2024-08-11,-0.05792985770970101,0.0,-0.04679524001314968
2024-08-12,0.03089888017543137,0.0,0.034968306576600175
2024-08-13,0.008655484308566958,0.0,0.007358138675034954
2024-08-14,-0.0105770277063069,0.0,-0.015458212450340902
2024-08-15,-0.010187939283482567,0.0,-0.018106630512108503
2024-08-16,-0.005796084438365804,0.0,0.006276911856606527
2024-08-17,0.021242598206032914,0.0,0.01470350539615011
2024-08-18,-0.0061173019184274455,0.0,-0.005153350008834423
2024-08-19,0.04232677046679393,0.0,0.02083173352373078
2024-08-20,0.0005835684218955164,0.0,0.003502580532491207
2024-08-21,0.00265288839105704,0.0,0.031180919950024102
2024-08-22,0.007416766632261355,0.0,0.012097290517580383
2024-08-23,0.035528938681143554,-0.0005,0.04440722278104305
2024-08-24,0.0113997699499729,0.0113997699499729,0.011537376045990477
2024-08-25,-0.01454518283922305,-0.01454518283922305,-0.015680839473277287
2024-08-26,-0.02532553865371967,-0.02582553865371967,-0.03084890550668792
2024-08-27,-0.04224069345360067,0.0,-0.0520189239435031
2024-08-28,-0.003698908357100813,0.0,-0.0022798434551241087
2024-08-29,-0.0135674591826976,0.0,-0.0051376877972777015
2024-08-30,-0.0025132363083018774,0.0,0.0038692273920636574
2024-08-31,-0.008840721796438984,0.0,-0.007107595210507546
2024-09-01,-0.03277915221672367,0.0,-0.040645013263839715
2024-09-02,0.03131367465322447,0.0,0.034281735880803105
2024-09-03,-0.020389329035185384,0.0,-0.034812491942517954
2024-09-04,-0.003365348529994483,0.0,0.011778217018620809
2024-09-05,-0.02253709291697022,0.0,-0.019608300990952187
2024-09-06,-0.037192457724530684,0.0,-0.03526970337378964
2024-09-07,0.007903165377933119,0.0,0.019317709047279266
2024-09-08,0.013592452854080062,0.0,0.02095382869057598
2024-09-09,0.030055865284882355,0.0,0.02554010636834261
2024-09-10,0.0038852355105290317,0.0,0.005059958130340936
2024-09-11,0.0028683590650818705,0.0,-0.007382422586603265
2024-09-12,0.03040424475084154,0.0,0.023981907827745612
2024-09-13,0.0280678694809607,0.0,0.03183555342273692
2024-09-14,0.008223306167256157,0.0,0.00031707117893589034
2024-09-15,-0.018425304277436272,0.0,-0.033143063628622044
2024-09-16,-0.00928492819592667,0.0,-0.015958389590052514
2024-09-17,0.019226530962122675,0.0,0.01148505409134396
2024-09-18,0.015795042272148747,0.0,0.018233088126336727
2024-09-19,0.012467057478213158,0.0,0.03123789296616226
2024-09-20,0.0014790881939257259,0.0,0.014491717883950962
2024-09-21,0.020443482541478687,0.0,0.019301139187707993
2024-09-22,-0.005065958008821222,0.0,-0.013906504089689787
2024-09-23,0.006107105801312351,0.0,0.011412255287114172
2024-09-24,0.009997967215828574,-0.0005,0.029716484405024134
2024-09-25,-0.02105261806273432,-0.02155261806273432,-0.018951670445931414
2024-09-26,0.02003652613497708,-0.0005,0.035884478921092186
2024-09-27,0.00846864077606065,0.00846864077606065,0.017408719916498838
2024-09-28,0.011681506556701823,0.011681506556701823,-0.0030537366459791986
2024-09-29,0.010584410077160045,0.010584410077160045,-0.003487528947053109
2024-09-30,-0.04414990548740871,-0.044316572154075376,-0.04536944517119582
2024-10-01,-0.041430809400638924,0.0,-0.05096629014311584
2024-10-02,-0.0416560311136811,0.0,-0.02738287735133657
2024-10-03,-0.019544802536266594,0.0,-0.007262396903318013
2024-10-04,0.03608955398871316,0.0,0.030084554528542598
2024-10-05,-0.005319655291640431,0.0,0.00040690868515595973
2024-10-06,0.022979954108805895,0.0,0.016117225640568677
2024-10-07,-0.010622451615160991,0.0,-0.01387200319223566
2024-10-08,0.007383532606889324,0.0,-0.0021466151683166568
2024-10-09,-0.017094473085083828,0.0,-0.021016224744768077
2024-10-10,0.00031976414207475923,0.0,0.0003673197871928548
2024-10-11,0.031367642338340364,0.0,0.03139920976332513
2024-10-12,0.017597558126394592,0.0,0.012586094627496292
2024-10-13,-0.0012971588941828776,0.0,-0.008002527242203938
2024-10-14,0.019049421008859015,-0.0005,0.04189311094184468
2024-10-15,-0.010997881087052203,-0.010997881087052203,0.002441380195862919
2024-10-16,0.0060242190649667515,0.0060242190649667515,-0.003961902884130796
2024-10-17,-0.01683278625473176,-0.01683278625473176,-0.011937732667506253
2024-10-18,0.01615666379905208,0.01615666379905208,0.020596849041755762
2024-10-19,-0.0020714156867736033,-0.0020714156867736033,0.0077140398384793925
2024-10-20,0.016086686097330695,0.016086686097330695,0.02486272071534197
2024-10-21,-0.01904344936247256,-0.01904344936247256,-0.023719790076987626
2024-10-22,-0.011814618358522783,-0.011814618358522783,-0.004043147001869885
2024-10-23,-0.02258331132127385,-0.02258331132127385,-0.022998567418799375
2024-10-24,0.012974058645239445,0.012974058645239445,0.015105669457444671
2024-10-25,-0.05397596872531188,-0.05397596872531188,-0.04851545193801471
2024-10-26,0.01877476077313056,0.01877476077313056,0.01423242911011299
2024-10-27,0.010278223332842451,0.010278223332842451,0.016969585975252492
2024-10-28,0.015340493456181676,0.015340493456181676,0.013333802552018527
2024-10-29,0.01591506202158014,0.01591506202158014,0.02729301127439199
2024-10-30,-0.016662909969480166,-0.016662909969480166,-0.005066995548988451
2024-10-31,-0.03546954425492973,-0.03546954425492973,-0.04332044219324356
2024-11-01,-0.01078728758441468,-0.01078728758441468,3.7790827456418816e-05
2024-11-02,-0.010876742705524967,-0.010876742705524967,-0.010597101456226379
2024-11-03,-0.017191777427514616,-0.017191777427514616,-0.02338881576950723
2024-11-04,-0.026145604818627745,-0.026145604818627745,-0.021681189362892855
2024-11-05,0.04550563101517853,0.04550563101517853,0.030058229763018512
2024-11-06,0.11283039210200692,0.11283039210200692,0.09315413152907158
2024-11-07,0.02220802165025352,0.02220802165025352,0.033152625798987125
2024-11-08,0.025889904012352877,0.025889904012352877,0.03414766633937855
2024-11-09,0.020461145264058473,0.020461145264058473,0.03747457101271752
2024-11-10,0.050537842097593114,0.050537842097593114,0.06314821395248232
2024-11-11,0.09247488729019926,0.09247488729019926,0.06576748338537126
2024-11-12,-0.03435047647830865,-0.03435047647830865,-0.02837811418400593
2024-11-13,0.005656411364638866,0.005656411364638866,-0.013063599983320826
2024-11-14,-0.04135465680812829,-0.04135465680812829,-0.005300639354811246
2024-11-15,0.04995822870415925,0.04995822870415925,0.06413992143381747
2024-11-16,0.014505259649405891,0.014505259649405891,0.07176189193536414
2024-11-17,0.02735425603403385,0.02735425603403385,-0.02479077320170905
2024-11-18,0.01251455923011265,0.01251455923011265,0.04265209785365534
2024-11-19,-0.006770376462760944,-0.006770376462760944,-0.016101439430122468
2024-11-20,-0.0032345293234536947,-0.0032345293234536947,-0.0038162894552888687
2024-11-21,0.0675786499305134,0.0675786499305134,0.06427994339286977
2024-11-22,0.06856007592226232,0.06856007592226232,0.08797478810334436
2024-11-23,-0.018225976129389105,-0.018225976129389105,0.04560255468964728
2024-11-24,0.002298991583216078,0.002298991583216078,-0.0010568162504532527
2024-11-25,-0.046179308039395295,-0.046179308039395295,-0.03900491108726157
2024-11-26,0.002205743082821214,0.002205743082821214,-0.006418434060930267
2024-11-27,0.039585611680837365,0.039585611680837365,0.05461341266212527
2024-11-28,-0.015459314334485847,-0.015459314334485847,-0.0023982017851394864
2024-11-29,0.03062997337639639,0.03062997337639639,0.045838153230919984
2024-11-30,-0.012640645057037433,-0.012640645057037433,0.009850281869498757
2024-12-01,0.10071762657200718,0.10071762657200718,0.04767886296918659
2024-12-02,0.09427526008189864,0.09427526008189864,0.07900828389972436
2024-12-03,-0.02937232217067013,-0.02937232217067013,0.0012385518284513519
2024-12-04,-0.0018852282639976944,-0.0018852282639976944,0.011415743849853013
2024-12-05,-0.009245874082342231,-0.009245874082342231,-0.012934866378930265
2024-12-06,0.03759013956519963,0.03759013956519963,0.038095657490544846
2024-12-07,0.019428729156596398,0.019428729156596398,0.0014749073231976155
2024-12-08,-0.012753091011554826,-0.012753091011554826,0.006624695715657159
2024-12-09,-0.16315827569977615,-0.16315827569977615,-0.12388256329884093
2024-12-10,0.022163133962843824,0.022163133962843824,-0.002723393219020421
2024-12-11,0.051029532002907343,0.051029532002907343,0.060790130394421237
2024-12-12,0.005222694084034344,0.005222694084034344,0.0336039561649906
2024-12-13,0.010536931101995531,0.010536931101995531,0.009649395131610873
2024-12-14,-0.04046952123543423,-0.04046952123543423,-0.026964509139344357
2024-12-15,0.038282031963649356,0.038282031963649356,0.023478045249819047
2024-12-16,-0.011493868908129904,-0.011493868908129904,-0.011574523337804366
2024-12-17,-0.008646315611142817,-0.008646315611142817,-0.0024894708233170982
2024-12-18,-0.0913483182259915,-0.0913483182259915,-0.08554092159927999
2024-12-19,-0.06779875685699935,-0.06779875685699935,-0.06264624713608354
2024-12-20,0.04449609058615844,0.04449609058615844,0.02298014360265571
2024-12-21,-0.036637038720400986,-0.036637038720400986,-0.03552453951348494
2024-12-22,-0.020511028811496985,-0.020511028811496985,-0.017544974854645803
2024-12-23,0.05059579671805962,0.05059579671805962,0.056020177004434756
2024-12-24,0.02286458786715606,0.02286458786715606,0.028855807442011997
2024-12-25,-0.013864532504985316,-0.013864532504985316,-0.007589456066493494
2024-12-26,-0.06643935903283474,-0.06643935903283474,-0.056217187512980785
2024-12-27,0.002382226484976102,0.002382226484976102,-0.011982884721888453
2024-12-28,0.021047227548913305,0.021047227548913305,0.025491648987985487
2024-12-29,-0.03570023604819805,-0.03570023604819805,-0.03217198670784525
2024-12-30,-0.01317621512387416,-0.01317621512387416,-0.0029443639249383874
2024-12-31,-0.0060510903355281975,-0.0060510903355281975,-0.0025914398696824997
2025-01-01,0.09586890420194272,0.09586890420194272,0.046905705215341
2025-01-02,0.033146885977716346,0.033146885977716346,0.028863927288232737
2025-01-03,0.07214550811316885,0.07214550811316885,0.05534982646786883
2025-01-04,-0.007263513358715815,-0.007263513358715815,-0.0013312849984743473
2025-01-05,0.004437145950768347,0.004437145950768347,0.0033640371377471226
2025-01-06,0.005453706462110149,0.005453706462110149,0.014544521861519378
2025-01-07,-0.08522720612621451,-0.08522720612621451,-0.08130484074441305
2025-01-08,-0.014316128928336003,-0.014316128928336003,-0.020016089353480624
2025-01-09,-0.04201752538923468,-0.04201752538923468,-0.03195392793718079
2025-01-10,0.029868719868440266,0.029868719868440266,0.02128667411906937
2025-01-11,0.05457012214055623,0.05457012214055623,0.01880326382962827
2025-01-12,-0.023679429131129748,-0.023679429131129748,-0.01288484968093241
2025-01-13,-0.013987111036919964,-0.013987111036919964,-0.022661323743911596
2025-01-14,0.053354537417589956,0.053354537417589956,0.03664915866127538
2025-01-15,0.11852000436781651,0.11852000436781651,0.0898681821140959
2025-01-16,0.026375921679414827,0.026375921679414827,0.011158415306974468
2025-01-17,0.04975080496057112,0.04975080496057112,0.04915707960683526
2025-01-18,-0.02547074214701761,-0.02547074214701761,-0.014894064076696611
2025-01-19,-0.06415332590404224,-0.06415332590404224,-0.062400681959556864
2025-01-20,0.03350828163259245,0.03350828163259245,0.01578263835314221
2025-01-21,0.02644594118324957,0.02644594118324957,0.02538249215144154
2025-01-22,-0.02379091220092725,-0.02379091220092725,-0.015290776201591383
2025-01-23,0.0014005870811058712,0.0014005870811058712,-0.0019281383577704483
2025-01-24,-0.013201811494660784,-0.013201811494660784,-0.004817844371133873
2025-01-25,-0.0008553076012720593,-0.0008553076012720593,0.010035733658599034
2025-01-26,-0.01676769447436799,-0.01676769447436799,-0.027928011106304045
2025-01-27,-0.01488139826562381,-0.01488139826562381,-0.01776019295629452
2025-01-28,-0.02631092566299675,-0.02631092566299675,-0.03286689235430655
2025-01-29,0.02471268110664589,0.02471268110664589,0.021093378449143566
2025-01-30,0.02587999883807231,0.02587999883807231,0.042706601205728514
2025-01-31,-0.008178038094565297,-0.008178038094565297,-0.004120890023184266
2025-02-01,-0.03405203815155925,-0.03405203815155925,-0.05625819741961907
2025-02-02,-0.06331288440878191,-0.06331288440878191,-0.08937530315158654
2025-02-03,0.02810319093957347,0.02810319093957347,0.0240482466812576
2025-02-04,-0.0557217374995295,-0.0557217374995295,-0.06163617842842692
2025-02-05,-0.026490375274572837,-0.026490375274572837,-0.019182437737095926
2025-02-06,-0.006354339294477188,-0.006354339294477188,-0.02683572912318043
2025-02-07,0.01270798673340993,0.01270798673340993,0.0052452234623585284
2025-02-08,0.024457860482532658,0.024457860482532658,0.01665918410529035
2025-02-09,-0.0019080811137039595,-0.0019080811137039595,0.0006422484349131615
2025-02-10,0.0077240588628881834,0.0077240588628881834,0.02620562408543887
2025-02-11,0.0061367850201351866,0.0061367850201351866,0.005506397136696841
2025-02-12,0.044302243879492664,0.044302243879492664,0.03830782328521336
2025-02-13,-0.006420003976438047,-0.006420003976438047,-0.00954106425532113
2025-02-14,0.021061653255740165,0.021061653255740165,0.01833569285604815
2025-02-15,0.005015161245551717,0.005015161245551717,-0.006673028546872439
2025-02-16,-0.002949566797098716,-0.002949566797098716,-0.019320640836617067
2025-02-17,-0.013289021157657325,-0.013289021157657325,-0.0015995257703121939
2025-02-18,-0.023162091304548382,-0.023162091304548382,-0.030952574875067633
2025-02-19,0.030648219407575894,0.030648219407575894,0.022493883122980476
2025-02-20,0.0016607539726487168,0.0016607539726487168,0.017395014736005965
2025-02-21,-0.027661501174451986,-0.027661501174451986,-0.02989971841748175
2025-02-22,0.01345879998392818,0.01345879998392818,0.017250214937556085
2025-02-23,-0.006198947140069077,-0.006198947140069077,-0.005678946491283576
2025-02-24,-0.07776215980385282,-0.07776215980385282,-0.10968276363599133
2025-02-25,0.0013562353992024887,0.0013562353992024887,0.006813957968196094
2025-02-26,-0.041466991796512545,-0.041466991796512545,-0.021033523512360167
2025-02-27,-0.0006836874259352016,-0.0006836874259352016,0.009008884664632722
2025-02-28,-0.019414708926977834,-0.019414708926977834,-0.008892768923955907
2025-03-01,0.0039286174492690895,0.0039286174492690895,0.0013588176052046312
2025-03-02,0.15405198212606536,0.15405198212606536,0.20122629024748026
2025-03-03,-0.13737080504730587,-0.13737080504730587,-0.15542137435369227
2025-03-04,-0.004742938802269836,-0.004742938802269836,0.008533823216091386
2025-03-05,0.02244496339962983,0.02244496339962983,0.04098673441860066
2025-03-06,0.006813180392601445,0.006813180392601445,-0.010508181844049122
2025-03-07,-0.039857365630775424,-0.039857365630775424,-0.039949837483751076
2025-03-08,-0.014362927620794273,-0.014362927620794273,-0.009686884061104352
2025-03-09,-0.07394933854977999,-0.07444933854977999,-0.08363176012435102
2025-03-10,-0.05110731565313697,0.0,-0.06063423481196199
2025-03-11,0.053488980497839414,0.0,0.050732197472647234
2025-03-12,0.01908789209843949,-0.0005,0.020802709511796948
2025-03-13,-0.021651115244036918,-0.022151115244036918,-0.019674168456482156
2025-03-14,0.04005575318836874,-0.0005,0.03955287426463414
2025-03-15,0.0110933784496543,0.0110933784496543,0.02485997688463921
2025-03-16,-0.028145367601684918,-0.02864536760168492,-0.038405033689212366
2025-03-17,0.019674414234401267,0.0,0.02587879125009385
2025-03-18,-0.02125685158674199,0.0,-0.009151682065558109
2025-03-19,0.06908067923750878,-0.0005,0.053693014830741424
2025-03-20,-0.027589099136179424,-0.028089099136179425,-0.0334311330283548
2025-03-21,-0.016470022743512353,0.0,-0.003415990385092782
2025-03-22,-0.0009720303714873348,0.0,0.0008899777515272597
2025-03-23,0.01864789957582095,-0.0005,0.015416113113349506
2025-03-24,0.015567097832356323,0.015567097832356323,0.03519325146658401
2025-03-25,0.0030883082473186865,0.0030883082473186865,0.013199673985012728
2025-03-26,-0.02353733541064429,-0.02353733541064429,-0.022586859633812365
2025-03-27,0.0012821191305896944,0.0012821191305896944,0.005304120370978038
2025-03-28,-0.049407753298774816,-0.049907753298774817,-0.05682362489261693
2025-03-29,-0.024073809628944454,0.0,-0.035396627850536
2025-03-30,0.000509450535951935,0.0,-0.008683407655855381
2025-03-31,-0.018526192103223888,0.0,-0.0036905913726524965
2025-04-01,0.022177530635570264,0.0,0.030054134880886506
2025-04-02,-0.03948387826240655,0.0,-0.05507059468024988
2025-04-03,0.007707181366504908,0.0,0.008923640065434224
2025-04-04,0.011370709892862891,0.0,0.013053507804160015
2025-04-05,-0.006754326503388178,0.0,-0.010099173988383692
2025-04-06,-0.08445533172438471,0.0,-0.10557791349632348
2025-04-07,0.0116382172753271,0.0,0.006776015792858581
2025-04-08,-0.02875982951931181,0.0,-0.037604236541780356
2025-04-09,0.08903667489257845,0.0,0.11553842483797096
2025-04-10,-0.026502399845611646,0.0,-0.03917948726348159
2025-04-11,0.028915246125073082,0.0,0.037838028184772575
2025-04-12,0.03232149977279963,0.0,0.04814660589727653
2025-04-13,-0.02407542914412804,0.0,-0.025224602634400982
2025-04-14,0.0019100916524574056,0.0,0.0049036719996283125
2025-04-15,-0.019595011513499738,0.0,-0.02666535627859984
2025-04-16,0.003935097827305093,0.0,0.003428117613756431
2025-04-17,0.010840193068536598,0.0,0.010803720407304141
2025-04-18,0.005182780975393672,0.0,0.0047033388316869325
2025-04-19,0.0026957228230649237,0.0,0.020626158656008187
2025-04-20,-0.0032299129350783495,0.0,-0.001685027410534878
2025-04-21,0.013908877522096574,0.0,0.00217902180727093
2025-04-22,0.06467165783221174,-0.0005,0.07738080354132315
2025-04-23,0.002316364174072734,0.002316364174072734,0.013569170746106321
2025-04-24,0.010208175965252215,0.010208175965252215,0.007644882803933263
2025-04-25,-0.0016436238373549834,-0.0016436238373549834,-0.000798241062698046
2025-04-26,0.0008293656570882808,0.0008293656570882808,0.0034813256964629125
2025-04-27,-0.007053444867839949,-0.007053444867839949,-0.012241255439499488
2025-04-28,0.006580739904626339,0.006580739904626339,0.01076783434469425
2025-04-29,-0.009692104332065094,-0.009692104332065094,-0.012687886846152496
2025-04-30,-0.00824774187227084,-0.00824774187227084,-0.013387538002345746
2025-05-01,0.026806323226981583,0.026806323226981583,0.0275265753715765
2025-05-02,-0.008229530399212814,-0.008229530399212814,-0.006079913807318172
2025-05-03,-0.004900383145465148,-0.004900383145465148,-0.013880928023690954
2025-05-04,-0.02343639624424646,-0.02343639624424646,-0.022684814214258466
2025-05-05,0.0010528380144799732,0.0010528380144799732,-0.0027248541957685776
2025-05-06,0.015132043498069217,0.015132043498069217,0.020532716836372675
2025-05-07,-0.001728420864879676,-0.001728420864879676,-0.007139855562459973
2025-05-08,0.10663793357241214,0.10663793357241214,0.11301459777239477
2025-05-09,0.021983470745630486,0.021983470745630486,0.04004125174267797
2025-05-10,0.042074131599112365,0.042074131599112365,0.06291498704516667
2025-05-11,-0.024878836990961974,-0.024878836990961974,-0.03160433884661629
2025-05-12,0.003449535605528445,0.003449535605528445,0.011464738189293744
2025-05-13,0.02874241687465935,0.02874241687465935,0.02854423538579246
2025-05-14,-0.02807934786008559,-0.02807934786008559,-0.026245249912181016
2025-05-15,-0.02982099138562333,-0.02982099138562333,-0.03677278408385858
2025-05-16,-0.0049908672342955,-0.0049908672342955,-0.0056198842946780575
2025-05-17,-0.011167493500350956,-0.011167493500350956,-0.020772900473009507
2025-05-18,0.03471091479765313,0.03471091479765313,0.03393378878479656
2025-05-19,-0.023810527153870033,-0.023810527153870033,-0.019875903502966
2025-05-20,0.008171078743626436,0.008171078743626436,-0.00028452628699642316
2025-05-21,0.03046557045571774,0.03046557045571774,0.02549762701259528
2025-05-22,0.03378041908144694,0.03378041908144694,0.03774887003001091
2025-05-23,-0.049444375299344645,-0.049444375299344645,-0.05901614856186871
2025-05-24,0.006177908080307493,0.006177908080307493,0.00467024983049923
2025-05-25,0.008953820760198903,0.008953820760198903,0.006797514343859767
2025-05-26,-0.0005005424379798489,-0.0005005424379798489,-0.003867510268407126
2025-05-27,0.0018945872974160207,0.0018945872974160207,0.01302977745648999
2025-05-28,-0.017546259518071206,-0.017546259518071206,-0.007098925739430274
2025-05-29,-0.028481463026247912,-0.028481463026247912,-0.030462711742719806
2025-05-30,-0.0411366457206627,-0.0411366457206627,-0.053778994957364934
2025-05-31,0.0010058799550715465,0.0010058799550715465,0.00681732831876466
2025-06-01,0.006614268047834048,0.006614268047834048,0.004369451941698666
2025-06-02,0.008371436386079845,0.008371436386079845,0.010005953335239504
2025-06-03,-0.006693946275624954,-0.006693946275624954,-0.0014269385725183543
2025-06-04,-0.004496158166049868,-0.004496158166049868,-0.01700838462798242
2025-06-05,-0.053787727629207985,-0.053787727629207985,-0.05420827650421266
2025-06-06,0.025410375873774038,0.025410375873774038,0.032392857768241634
2025-06-07,0.015552802456835805,0.015552802456835805,0.019748753904083396
2025-06-08,0.003585823397985262,0.003585823397985262,0.005579666255871785
2025-06-09,0.05578064909894831,0.05578064909894831,0.042794264883255426
2025-06-10,0.024449116983294918,0.024449116983294918,0.025351362034094636
2025-06-11,-0.017509445650753037,-0.017509445650753037,-0.02169407636005396
2025-06-12,-0.04019605168477865,-0.04019605168477865,-0.04558552120973877
2025-06-13,-0.017658347876146802,-0.017658347876146802,-0.02171466517459387
2025-06-14,-0.016560535674920513,-0.016560535674920513,-0.016746577120269536
2025-06-15,0.02055122031007794,0.02055122031007794,0.01319162018746043
2025-06-16,-0.00112610800392395,-0.00112610800392395,0.006439771567434438
2025-06-17,-0.017662336552594304,-0.017662336552594304,-0.0253773156548308
2025-06-18,-0.00045408394376948236,-0.00045408394376948236,-0.005075053411430641
2025-06-19,0.0006538848991258783,0.0006538848991258783,-0.0029471463679838217
2025-06-20,-0.03513808493632553,-0.03513808493632553,-0.03109540982806226
2025-06-21,-0.030092951784555656,-0.030092951784555656,-0.03234114432115916
2025-06-22,-0.02335765390138215,-0.02335765390138215,-0.023074291431000604
2025-06-23,0.07762548146661077,0.07762548146661077,0.07766057695470091
2025-06-24,0.007630380466630449,0.007630380466630449,0.009489591801079356
2025-06-25,-0.005366310585776227,-0.005366310585776227,-0.013098358586197935
2025-06-26,-0.01200715031718121,-0.01200715031718121,-0.01584410357883156
2025-06-27,0.008971981390017536,0.008971981390017536,0.011484569112954836
2025-06-28,0.022811084302628494,0.022811084302628494,0.018443372666708722
2025-06-29,0.017600068630331624,0.017600068630331624,0.02222337961749199
2025-06-30,-0.0031059264806267226,-0.0031059264806267226,-0.013177606792072383
2025-07-01,-0.020677586546872496,-0.020677586546872496,-0.03450862129378668
2025-07-02,0.039949237981027785,0.039949237981027785,0.0522668431609449
2025-07-03,0.006614345606178757,0.006614345606178757,0.008571063809175307
2025-07-04,-0.020333700740007694,-0.020333700740007694,-0.030337852146128653
2025-07-05,0.002997064620002228,0.002997064620002228,0.003106914430050567
2025-07-06,0.01375614762346126,0.01375614762346126,0.016309435444029997
2025-07-07,-0.007544612595027811,-0.007544612595027811,-0.009511529378098427
2025-07-08,0.011375373056251468,0.011375373056251468,0.018639086140800065
2025-07-09,0.03129115269423173,0.03129115269423173,0.039685973089318524
2025-07-10,0.04432223224568799,0.04432223224568799,0.05678964654310695
2025-07-11,0.006787459011054004,0.006787459011054004,0.014406642271626281
2025-07-12,-0.0038983064663354514,-0.0038983064663354514,-0.006410278667846614
2025-07-13,0.011356117883762007,0.011356117883762007,0.022115910096689898
2025-07-14,0.0051813463581614014,0.0051813463581614014,0.0073093926292321365
2025-07-15,0.008477243256643601,0.008477243256643601,0.01588016210532743
2025-07-16,0.03610507746127737,0.03610507746127737,0.030820718387563867
2025-07-17,0.018116180556278245,0.018116180556278245,0.04933240345906902
2025-07-18,0.007491649355773547,0.007491649355773547,-0.003104775456448927
2025-07-19,0.005678139588603673,0.005678139588603673,0.027045165368434997
2025-07-20,0.024418956306337204,0.024418956306337204,0.025981383354975445
2025-07-21,0.004718570755867457,0.004718570755867457,0.017943719993307686
2025-07-22,0.01440932033555975,0.01440932033555975,0.01716353041898615
2025-07-23,-0.01809373696588723,-0.01809373696588723,-0.06390671197383889
2025-07-24,0.0037868241650624484,0.0037868241650624484,-0.010582577350899094
2025-07-25,0.005879047028331381,0.005879047028331381,0.012459556450945342
2025-07-26,0.005403201892184498,0.005403201892184498,0.0074775184391636116
2025-07-27,0.03716862794318916,0.03716862794318916,0.02922270876781463
2025-07-28,-0.020204234221113615,-0.020204234221113615,-0.04013059229452117
2025-07-29,-0.00641807042053677,-0.00641807042053677,-0.008565436224503287
2025-07-30,-0.003829037199612325,-0.003829037199612325,-0.012086430967860873
2025-07-31,-0.020273358098741458,-0.020273358098741458,-0.029016012325905408
2025-08-01,-0.04224796972004974,-0.04224796972004974,-0.034472376130944046
2025-08-02,-0.04073813726017583,-0.04073813726017583,-0.02571731658854898
2025-08-03,0.04615788138150097,0.04615788138150097,0.03296932132011224
2025-08-04,0.051476447201767396,0.051476447201767396,0.047902679740562816
2025-08-05,-0.03542755584233263,-0.03542755584233263,-0.02887419975351909
2025-08-06,0.015944056206138146,0.015944056206138146,0.014411558075797805
2025-08-07,0.09283453002406183,0.09283453002406183,0.055790915129689395
2025-08-08,0.03073106999757265,0.03073106999757265,0.016372705298331503
2025-08-09,0.049187753155435214,0.049187753155435214,0.022013260667601363
2025-08-10,-0.0022506886059888336,-0.0022506886059888336,0.003265514356714139
2025-08-11,-0.022533526002975278,-0.022533526002975278,-0.02697906781560702
2025-08-12,0.08066094592649227,0.08066094592649227,0.07076351317288168
2025-08-13,0.02021988783757611,0.02021988783757611,0.030508910870313537
2025-08-14,-0.05573326687557326,-0.05573326687557326,-0.045548514084982644
2025-08-15,-0.01922967250958966,-0.01922967250958966,-0.013707903092584118
2025-08-16,0.015933895736055265,0.015933895736055265,0.011992076060106062
2025-08-17,0.046181769666435536,0.046181769666435536,0.026303046132599633
2025-08-18,-0.01403682236266505,-0.01403682236266505,-0.026114496476864417
2025-08-19,-0.07018473089896085,-0.07018473089896085,-0.05438804517462335
2025-08-20,0.0731761219262305,0.0731761219262305,0.05201322766862733
2025-08-21,-0.03989202958828633,-0.03989202958828633,-0.03056809451919439
2025-08-22,0.10072290118612148,0.10072290118612148,0.08989481964514523
2025-08-23,-0.012854241768750198,-0.012854241768750198,-0.003476059384744667
2025-08-24,-0.007767690051090421,-0.007767690051090421,-0.011138731620220567
2025-08-25,-0.07780857505142283,-0.07780857505142283,-0.07292082486329655
2025-08-26,0.04922802753225282,0.04922802753225282,0.038365124477723986
2025-08-27,-0.020847642567787074,-0.020847642567787074,-0.007609320485155458
2025-08-28,0.020294276578218508,0.020294276578218508,0.023190915672837223
2025-08-29,-0.05030277540154596,-0.05030277540154596,-0.04166111049696181
2025-08-30,0.001537395933726963,0.001537395933726963,0.0015935558364667535
2025-08-31,-0.007921888006510206,-0.007921888006510206,-0.010763608579197736
2025-09-01,-0.02098651378553721,-0.02098651378553721,-0.012153395112215084
2025-09-02,0.02999056869835059,0.02999056869835059,0.03351795304703859
2025-09-03,0.013414935974409051,0.013414935974409051,0.01026897663498394
2025-09-04,-0.04084277936804977,-0.04084277936804977,-0.02801092780223181
2025-09-05,0.008464278882071352,0.008464278882071352,0.007955587047065726
2025-09-06,-0.008884011578447981,-0.008884011578447981,-0.003886668312150732
2025-09-07,0.013092844883068647,0.013092844883068647,0.02074196572617855
2025-09-08,0.020872784813193178,0.020872784813193178,0.015337305023280411
2025-09-09,0.00013418121572709532,0.00013418121572709532,0.004651217339167901
2025-09-10,0.017926524793627475,0.017926524793627475,0.0336723743837843
2025-09-11,0.025051784125317944,0.025051784125317944,0.012407722807317757
2025-09-12,0.036628256115902216,0.036628256115902216,0.02521171174929308
2025-09-13,-0.0021258918311855375,-0.0021258918311855375,0.009563015879792127
2025-09-14,-0.028821519497967296,-0.028821519497967296,-0.02274547502369907
2025-09-15,-0.02308887772127906,-0.02308887772127906,-0.015374596209889013
2025-09-16,0.0036439488301762686,0.0036439488301762686,0.013058878476897661
2025-09-17,0.025855267317784682,0.025855267317784682,0.02664852343121188
2025-09-18,0.013344785083512372,0.013344785083512372,0.019653602655783163
2025-09-19,-0.036512644513164196,-0.036512644513164196,-0.029969347908972224
2025-09-20,-0.00018567643713218707,-0.00018567643713218707,0.004053329721425037
2025-09-21,-0.010491856095984832,-0.010491856095984832,-0.006658693475179023
2025-09-22,-0.06039669780971253,-0.06039669780971253,-0.04717954965231007
2025-09-23,-0.012062785313635322,-0.012062785313635322,-0.0072811351711116745
2025-09-24,0.002510756940203196,0.002510756940203196,0.0008680752280558869
2025-09-25,-0.06685562939119416,-0.06685562939119416,-0.06602700294314086
2025-09-26,0.04349030505308208,0.04349030505308208,0.030921494963184262
2025-09-27,-0.008333071066954911,-0.008333071066954911,-0.0038555462537247067
2025-09-28,0.033463968900984055,0.033463968900984055,0.029515441231220452
2025-09-29,0.00659182721814037,0.00659182721814037,0.010578751871970205
2025-09-30,-0.012575875118195466,-0.012575875118195466,-0.01262212866978931
2025-10-01,0.033211597658154325,0.033211597658154325,0.047122578909288795
2025-10-02,0.02724507232028365,0.02724507232028365,0.03296275006429228
2025-10-03,0.03030638700571005,0.03030638700571005,0.01080841261572063
2025-10-04,-0.031265377046586273,-0.031265377046586273,-0.020180414295285144
2025-10-05,0.00326314347914806,0.00326314347914806,-0.0004242521636332098
2025-10-06,0.0443275586072207,0.0443275586072207,0.030268756791559975
2025-10-07,-0.028005555204293965,-0.028005555204293965,-0.038183295695402526
2025-10-08,0.021031195693267536,0.021031195693267536,0.019145914500784404
2025-10-09,-0.026887795548784954,-0.026887795548784954,-0.01862081010981538
2025-10-10,-0.1999201050612162,-0.1999201050612162,-0.1822787853879917
2025-10-11,0.018290727290824333,0.018290727290824333,-0.0059637630356366485
2025-10-12,0.10139688803417135,0.10139688803417135,0.0874636830546164
2025-10-13,0.030366174936397074,0.030366174936397074,0.028247425031789307
2025-10-14,-0.048791549497774714,-0.048791549497774714,-0.03604666410796435
2025-10-15,-0.04412725225758918,-0.04412725225758918,-0.03640557530708276
2025-10-16,-0.03153730371810193,-0.03153730371810193,-0.03369784215594727
2025-10-17,-0.05263682817045238,-0.05313682817045238,-0.030934645383944408
2025-10-18,0.0149726760619433,0.0,0.01736964591820718
2025-10-19,0.020449321308703212,-0.0005,0.018423241835090164
2025-10-20,0.020223163960887636,0.020223163960887636,0.018256997376640004
2025-10-21,-0.04467311226184471,-0.04467311226184471,-0.03005296032890156
2025-10-22,-0.012554855238688451,-0.013054855238688452,-0.018315994915931555
2025-10-23,0.0233835779615185,-0.0005,0.02615678705684641
2025-10-24,0.009629879740303937,0.009629879740303937,0.01868262232906749
2025-10-25,0.008823529116824602,0.008823529116824602,0.008331025793650505
2025-10-26,0.03466834829493555,0.03466834829493555,0.03352413719859962
2025-10-27,-0.01333268114216753,-0.01333268114216753,-0.010599973881048587
2025-10-28,-0.03125272606608923,-0.03125272606608923,-0.025598105982955578
2025-10-29,0.009031108478159355,0.009031108478159355,-0.0021044324918057192
2025-10-30,-0.058466245598324244,-0.058966245598324245,-0.049157070456540816
2025-10-31,0.012281598317072762,-0.0005,0.014310331134730792
2025-11-01,0.0018091406223526008,0.0018091406223526008,0.012796493923611688
2025-11-02,0.0011980812242540955,0.0011980812242540955,0.004548695390421298
2025-11-03,-0.07912898212887387,-0.07962898212887387,-0.10070477034508897
2025-11-04,-0.05530813501940979,0.0,-0.04710068662782837
2025-11-05,0.030754521714417317,0.0,0.0419186247503958
2025-11-06,-0.027430326477010193,0.0,-0.029342231710497102
2025-11-07,0.03562237856736128,0.0,0.08334808963036164
2025-11-08,-0.011059120624871206,0.0,-0.005279538070748835
2025-11-09,0.023474503657794427,0.0,0.02547120491198415
2025-11-10,0.00841067712961548,0.0,0.011575503597475657
2025-11-11,-0.046231114342836145,0.0,-0.05313558377196771
2025-11-12,-0.008963280618187887,0.0,-0.013497909167873889
2025-11-13,-0.03291009042723503,0.0,-0.030573679166518854
2025-11-14,-0.03706910642622785,0.0,-0.03794296278365091
2025-11-15,0.012281304042280079,0.0,0.01651103648732066
2025-11-16,-0.011975980910853057,0.0,-0.022808624332875952
2025-11-17,-0.030425817398134804,0.0,-0.03464644403471945
2025-11-18,0.03778915342945758,0.0,0.03160246226038717
2025-11-19,-0.02784610520443731,0.0,-0.028323711376821416
2025-11-20,-0.036433549115879295,0.0,-0.04825367921643746
2025-11-21,-0.032407791747365744,0.0,-0.04274648432400477
2025-11-22,-0.002881217220479737,0.0,-0.004104367855909918
2025-11-23,0.020684062468683997,0.0,0.015148000026707333
2025-11-24,0.03355796582990981,0.0,0.043936448245947224
2025-11-25,-0.0031467196970443863,0.0,-0.002806496558954375
2025-11-26,0.03347546251180018,0.0,0.029331130948122078
2025-11-27,-0.0008006855484413346,0.0,-0.002948812355890485
2025-11-28,-0.012461761245887604,0.0,-0.014802322211013798
2025-11-29,-0.008663290372405059,0.0,-0.010549979571591194
2025-11-30,-0.006693893946478197,0.0,-0.010814986992764399
2025-12-01,-0.054135857696089085,0.0,-0.0631172266079554
2025-12-02,0.05986370177562198,0.0,0.0823121107231282
2025-12-03,0.03211516452928054,0.0,0.05088698722056745
2025-12-04,-0.028638130767360694,0.0,-0.0294603056656928
2025-12-05,-0.025299319697978342,0.0,-0.04322976567698801
2025-12-06,0.0011390478534058686,0.0,0.004848366826766881
2025-12-07,0.007304161625386681,0.0,-0.000425364673329487
2025-12-08,0.00704284064789055,0.0,0.01589011897883246
2025-12-09,0.013671397250413367,0.0,0.04466489531629625
2025-12-10,-0.014243745842896782,0.0,-0.019968945578475696
2025-12-11,-0.0026631091035239267,0.0,-0.022872650800951924
2025-12-12,-0.01400865536968369,0.0,-0.02490331611710487
2025-12-13,0.008450243795003438,0.0,0.008443612061011817
2025-12-14,-0.022490213869904425,0.0,-0.029195032918940322
2025-12-15,-0.027526647868223415,0.0,-0.02682858850391673
2025-12-16,0.01735544812479417,0.0,0.008049852146961935
2025-12-17,-0.030416248627852673,0.0,-0.04132987761862553
2025-12-18,-0.017704417142006136,0.0,-0.023470805054625836
2025-12-19,0.039376859593021576,0.0,0.05145591016322038
2025-12-20,0.004362422856035238,0.0,-0.0005396701728146215
2025-12-21,0.0009368088428985952,0.0,-0.0054699529917175424
2025-12-22,-0.0038460187671133976,0.0,0.00295523858530462
2025-12-23,-0.014772786686123585,0.0,-0.014024941583264505
2025-12-24,-0.00033496455542577274,0.0,-0.008258548065146743
2025-12-25,-0.013320273473517014,0.0,-0.01631737416717919
2025-12-26,0.004179514897141301,0.0,0.012822101296213686
2025-12-27,0.011474931655768664,0.0,0.032835061774938695
2025-12-28,0.00425010746600359,0.0,-0.004445712838692473
2025-12-29,-0.008587875018539415,0.0,-0.014532174457360226
2025-12-30,0.013619964306693506,0.0,0.008956093234719098
2025-12-31,-0.009072074160051844,0.0,-0.015916596633351744
2026-01-01,0.00832835472329337,0.0,0.042352328617521966
2026-01-02,0.02520559163587895,0.0,0.04713103479523246
2026-01-03,0.0017655243434630723,0.0,0.0006093424498585635
2026-01-04,0.010531549399907561,0.0,0.0137295464756928
2026-01-05,0.024183133529232403,0.0,0.038586926796238055
2026-01-06,0.009127542138903247,0.0,0.006108548051961038
2026-01-07,-0.028239793662095388,0.0,-0.036659038032684645
2026-01-08,-0.010439194195066781,0.0,-0.010552571492171581
2026-01-09,-0.002784362250651225,0.0,-0.00811388067341119
2026-01-10,0.0034258009606358275,0.0,-8.686060017293291e-06
2026-01-11,0.004334966212733548,0.0,-0.00023784851450960878
2026-01-12,-0.0005124215636119014,0.0,-0.008532185272534675
2026-01-13,0.05349688464861583,0.0,0.06565426658709356
2026-01-14,0.011246808678422832,0.0,-0.0029062063596603134
2026-01-15,-0.014880161183351965,0.0,-0.034167300116339894
2026-01-16,0.00011907768044542655,0.0,0.00420348879807242
2026-01-17,0.0032520429994141726,0.0,0.0035200373988633076
2026-01-18,-0.013014937698142584,0.0,-0.03335563096811042
2026-01-19,-0.017060400857650777,0.0,-0.019820782026578367
2026-01-20,-0.05520301012932127,0.0,-0.0550828635284292
2026-01-21,0.008142267469947432,0.0,0.022361400709249024
2026-01-22,-0.001289021568054105,0.0,-0.009029103548779293
2026-01-23,0.0019896204344430992,0.0,-0.0007705462523269648
2026-01-24,-0.003690246545034655,0.0,-0.0027803243375851276
2026-01-25,-0.03258155621133255,0.0,-0.04297565380582138
2026-01-26,0.025016530226094513,0.0,0.03231949462082604
2026-01-27,0.021238915166126006,0.0,0.01620259411819338
2026-01-28,-4.6468533100973985e-05,0.0,-0.00588371458696142
2026-01-29,-0.05082971855418139,0.0,-0.060088148593492624
2026-01-30,-0.019192392215377496,0.0,-0.02230048427405882
2026-01-31,-0.0834099471563842,0.0,-0.08050980291875579
2026-02-01,-0.040536218523885184,0.0,-0.03447675677065819
2026-02-02,0.025736813086859968,0.0,0.029788591925430666
2026-02-03,-0.03858679442392291,0.0,-0.03426202775080951
2026-02-04,-0.04874304736408759,0.0,-0.03281911770690178
2026-02-05,-0.14076401500496397,0.0,-0.14908505034223632
2026-02-06,0.11393745126155311,0.0,0.12264688622519894
2026-02-07,-0.006734620730166136,0.0,-0.005866124891004942
2026-02-08,0.0007892784442807458,0.0,-0.006846765971010094
2026-02-09,-0.0005585553775328358,0.0,-0.0026324731597324735
2026-02-10,-0.028216849916664177,0.0,-0.02949088308602691
2026-02-11,-0.028412685837623314,0.0,-0.025941407557729404
2026-02-12,0.0008349568901721005,0.0,0.009945304384113254
2026-02-13,0.03357933298102855,0.0,0.03896535534493863
2026-02-14,0.018181976492272378,0.0,0.042625439052910385
2026-02-15,-0.03369529998600351,0.0,-0.03222819730977055
2026-02-16,0.012141967493442058,0.0,0.008994140924445993
2026-02-17,-0.012278890962325926,0.0,-0.014077136346773734
2026-02-18,-0.018711451816868764,0.0,-0.025596938628420565
2026-02-19,0.0031393531040645826,0.0,-0.002429687641495493
2026-02-20,0.01893780257243279,0.0,0.03111293010461686
2026-02-21,0.0009150167772666861,0.0,-0.0010242156420140257
2026-02-22,-0.010498511938172934,0.0,-0.022912920250324365
2026-02-23,-0.042467365286264304,0.0,-0.043463423312875504
2026-02-24,-0.009799756088974616,0.0,-0.006438681289097682
2026-02-25,0.08211903564860974,0.0,0.12854467179103124
2026-02-26,-0.00867356375024549,0.0,-0.019043329169600234
2026-02-27,-0.029922379590508176,0.0,-0.030454202736892956
2026-02-28,0.012668778852338598,0.0,0.017978618033948016
2026-03-01,-0.04240858006793953,0.0,-0.022186724149222545
2026-03-02,0.01333363790401576,0.0,0.025417814199684488
2026-03-03,-0.014508570535526639,0.0,-0.009873878314190643
2026-03-04,0.04092242063792765,0.0,0.04603686104270702
2026-03-05,-0.019732156557804543,0.0,-0.01944144727942212
2026-03-06,-0.03433242112713597,0.0,-0.03644808832994437
2026-03-07,-0.01909356784060597,0.0,-0.012555468381518277
2026-03-08,-0.01234625783674718,0.0,-0.014310547242358208
2026-03-09,0.02930075709341288,0.0,0.03183819896891267
2026-03-10,0.015241659128897446,0.0,0.015487240639373413
2026-03-11,0.010009003792883126,0.0,0.007921207854172597
2026-03-12,0.0010424383604711687,0.0,0.003535890083210669
2026-03-13,-0.006032320404617172,0.0,0.004323919084990169
2026-03-14,-0.013156795980842814,0.0,-0.0026747418317324525
2026-03-15,0.02147388975707202,0.0,0.028158091426721855
2026-03-16,0.08159292297102239,0.0,0.059017655356624045
2026-03-17,-0.009820394213513845,0.0,-0.014301909784023315
2026-03-18,-0.03855435387324757,0.0,-0.04193472697634853
2026-03-19,-0.025364827176601785,0.0,-0.02000727222105828
2026-03-20,-0.004017567435936916,0.0,0.003541309689725425
2026-03-21,-0.026957366146505603,0.0,-0.02839108523506115
2026-03-22,-0.025468070934729505,0.0,-0.017968576411343296
2026-03-23,0.031680359180339325,0.0,0.04052842511768771
2026-03-24,-0.000584274515164295,0.0,0.0016705193731078815
2026-03-25,-0.0004029794678083922,0.0,0.005189812167406627
2026-03-26,-0.04033352071643603,0.0,-0.04393684632477849
2026-03-27,-0.0314577360368344,0.0,-0.030788435580626505
2026-03-28,-0.009218850223764822,0.0,-0.005457869328975374
2026-03-29,-0.009893981805904211,0.0,-0.00848205837431878
2026-03-30,0.004614148587465153,0.0,0.009339170801209752
2026-03-31,0.006970894031841553,0.0,0.014597504440746655
2026-04-01,0.013423684149248067,0.0,0.005596454973749675
2026-04-02,-0.03470151627760783,0.0,-0.03040361373253995
2026-04-03,0.013285845117971077,0.0,0.009395272740892656
2026-04-04,0.006343354197791454,0.0,0.006158526589515034
2026-04-05,0.01053230813531495,0.0,0.011528321574782174
2026-04-06,-0.009251910258611865,0.0,-0.007377373731170046
2026-04-07,0.05146650849915139,0.0,0.05434384463331814
2026-04-08,-0.038998408604445256,0.0,-0.03336831520627586
2026-04-09,0.01727025910948628,0.0,0.010971706572791331
2026-04-10,0.010143240199109357,0.0,0.01118360585415117
2026-04-11,-0.0010213200327068295,0.0,-0.0013005384895041217
2026-04-12,-0.03399829281338566,0.0,-0.03654176537777074
2026-04-13,0.054554678195607664,0.0,0.04962218436362188
2026-04-14,-0.026641868572907956,0.0,-0.02385828454617202
2026-04-15,0.018362770630219922,0.0,0.01678856159756268
2026-04-16,0.029376021481193632,0.0,0.038237729609652306
2026-04-17,0.002646933426112552,0.0,0.009537976127267922
2026-04-18,-0.02958539478948818,0.0,-0.02977643740916075
2026-04-19,-0.02971518439787679,0.0,-0.028505450889525018
2026-04-20,0.02400672361537596,0.0,0.024111923627966502
2026-04-21,0.01080161803127592,0.0,0.006610319686890598
2026-04-22,-0.0047730343133399,0.0,0.00383372924019234
2026-04-23,0.0076063464974330435,0.0,-0.0014152666615783404
2026-04-24,0.002594961554872303,0.0,-0.00038060554415907387
2026-04-25,-0.004966228494018843,0.0,-0.0037857342466197097
2026-04-26,0.010354760979346104,0.0,0.011386220510074763
2026-04-27,-0.01754342541065035,0.0,-0.019654454037809778
2026-04-28,-0.0052487884484276135,0.0,-0.007218964010435547
2026-04-29,-0.00879882147437246,0.0,-0.01049390459284293
2026-04-30,-0.003162929908635869,0.0,-0.0003977054164151949
2026-05-01,0.013500510972353384,0.0,0.007293001042934944
2026-05-02,0.008102906797482785,0.0,0.007915424593128795
2026-05-03,-0.0012834807369286698,0.0,-0.004099400847231549
2026-05-04,0.017122161573131622,0.0,0.008522875480740388
2026-05-05,0.021400623441740096,0.0,0.026047256681862075
2026-05-06,0.00838575831194266,0.0,0.016884710237374503
2026-05-07,-0.019020324495432596,0.0,-0.0146747875476428
2026-05-08,0.019234890119026384,0.0,0.030120280144802992
2026-05-09,0.006186068138261575,0.0,0.0008138433644201417
2026-05-10,0.02310192382054832,0.0,0.0302306785081427
2026-05-11,-0.009543823829631185,0.0,-0.006781916559180179
2026-05-12,-0.024070086722127848,0.0,-0.023301842063574697
2026-05-13,-0.009813878391066103,0.0,-0.011460249495484033
2026-05-14,0.01944413513025315,0.0,0.02033765297441459
2026-05-15,-0.029535256163473595,0.0,-0.02765056583518525
2026-05-16,-0.02193772968934134,0.0,-0.024376470566637488
2026-05-17,-0.0166494596752379,0.0,-0.015479876914663404
2026-05-18,-0.0005591427644961269,0.0,-0.001735357284023298
2026-05-19,-0.008756776484776982,0.0,-0.011127880703115012
2026-05-20,0.011831364731342386,0.0,0.010890547305081
2026-05-21,0.005154598384496796,0.0,0.010505201713850078
2026-05-22,-0.030389163802591157,0.0,-0.02778376945618768
2026-05-23,0.018582010052844135,0.0,0.018227385383372985
2026-05-24,-0.00600343897920789,0.0,-0.011082105894027205
